chrom	start	end	count
chr1	0	1000000	659
chr1	1000000	2000000	573
chr1	2000000	3000000	481
chr1	3000000	4000000	461
chr1	4000000	5000000	565
chr1	5000000	6000000	555
chr1	6000000	7000000	418
chr1	7000000	8000000	413
chr1	8000000	9000000	453
chr1	9000000	10000000	365
chr1	10000000	11000000	549
chr1	11000000	12000000	546
chr1	12000000	13000000	441
chr1	13000000	14000000	330
chr1	14000000	15000000	411
chr1	15000000	16000000	442
chr1	16000000	17000000	345
chr1	17000000	18000000	456
chr1	18000000	19000000	396
chr1	19000000	20000000	451
chr1	20000000	21000000	555
chr1	21000000	22000000	537
chr1	22000000	23000000	561
chr1	23000000	24000000	351
chr1	24000000	25000000	516
chr1	25000000	26000000	430
chr1	26000000	27000000	368
chr1	27000000	28000000	381
chr1	28000000	29000000	448
chr1	29000000	30000000	490
chr1	30000000	31000000	439
chr1	31000000	32000000	446
chr1	32000000	33000000	509
chr1	33000000	34000000	449
chr1	34000000	35000000	783
chr1	35000000	36000000	438
chr1	36000000	37000000	482
chr1	37000000	38000000	347
chr1	38000000	39000000	341
chr1	39000000	40000000	462
chr1	40000000	41000000	496
chr1	41000000	42000000	714
chr1	42000000	43000000	440
chr1	43000000	44000000	343
chr1	44000000	45000000	409
chr1	45000000	46000000	405
chr1	46000000	47000000	565
chr1	47000000	48000000	381
chr1	48000000	49000000	335
chr1	49000000	50000000	390
chr1	50000000	51000000	443
chr1	51000000	52000000	346
chr1	52000000	53000000	1002
chr1	53000000	54000000	268
chr1	54000000	55000000	316
chr1	55000000	56000000	419
chr1	56000000	57000000	327
chr1	57000000	58000000	349
chr1	58000000	59000000	427
chr1	59000000	60000000	494
chr1	60000000	61000000	575
chr1	61000000	62000000	456
chr1	62000000	63000000	361
chr1	63000000	64000000	518
chr1	64000000	65000000	380
chr1	65000000	66000000	382
chr1	66000000	67000000	425
chr1	67000000	68000000	384
chr1	68000000	69000000	402
chr1	69000000	70000000	433
chr1	70000000	71000000	360
chr1	71000000	72000000	316
chr1	72000000	73000000	460
chr1	73000000	74000000	493
chr1	74000000	75000000	360
chr1	75000000	76000000	514
chr1	76000000	77000000	639
chr1	77000000	78000000	384
chr1	78000000	79000000	371
chr1	79000000	80000000	316
chr1	80000000	81000000	373
chr1	81000000	82000000	375
chr1	82000000	83000000	402
chr1	83000000	84000000	402
chr1	84000000	85000000	400
chr1	85000000	86000000	384
chr1	86000000	87000000	509
chr1	87000000	88000000	418
chr1	88000000	89000000	318
chr1	89000000	90000000	342
chr1	90000000	91000000	471
chr1	91000000	92000000	717
chr1	92000000	93000000	330
chr1	93000000	94000000	610
chr1	94000000	95000000	380
chr1	95000000	96000000	384
chr1	96000000	97000000	360
chr1	97000000	98000000	329
chr1	98000000	99000000	305
chr1	99000000	100000000	263
chr1	100000000	101000000	441
chr1	101000000	102000000	303
chr1	102000000	103000000	332
chr1	103000000	104000000	384
chr1	104000000	105000000	286
chr1	105000000	106000000	341
chr1	106000000	107000000	426
chr1	107000000	108000000	434
chr1	108000000	109000000	366
chr1	109000000	110000000	391
chr1	110000000	111000000	385
chr1	111000000	112000000	348
chr1	112000000	113000000	362
chr1	113000000	114000000	345
chr1	114000000	115000000	408
chr1	115000000	116000000	384
chr1	116000000	117000000	388
chr1	117000000	118000000	336
chr1	118000000	119000000	309
chr1	119000000	120000000	393
chr1	120000000	121000000	348
chr1	121000000	122000000	315
chr1	122000000	123000000	356
chr1	123000000	124000000	322
chr1	124000000	125000000	343
chr1	125000000	126000000	425
chr1	126000000	127000000	463
chr1	127000000	128000000	222
chr1	128000000	129000000	442
chr1	129000000	130000000	367
chr1	130000000	131000000	383
chr1	131000000	132000000	371
chr1	132000000	133000000	355
chr1	133000000	134000000	350
chr1	134000000	135000000	359
chr1	135000000	136000000	437
chr1	136000000	137000000	362
chr1	137000000	138000000	366
chr1	138000000	139000000	377
chr1	139000000	140000000	484
chr1	140000000	141000000	470
chr1	141000000	142000000	356
chr1	142000000	143000000	364
chr1	143000000	144000000	320
chr1	144000000	145000000	480
chr1	145000000	146000000	421
chr1	146000000	147000000	510
chr1	147000000	148000000	421
chr1	148000000	149000000	428
chr1	149000000	150000000	441
chr1	150000000	151000000	464
chr1	151000000	152000000	470
chr1	152000000	153000000	478
chr1	153000000	154000000	454
chr1	154000000	155000000	336
chr1	155000000	156000000	410
chr1	156000000	157000000	641
chr1	157000000	158000000	698
chr1	158000000	159000000	630
chr1	159000000	160000000	371
chr1	160000000	161000000	402
chr1	161000000	162000000	472
chr1	162000000	163000000	379
chr1	163000000	164000000	689
chr1	164000000	165000000	502
chr1	165000000	166000000	372
chr1	166000000	167000000	422
chr1	167000000	168000000	332
chr1	168000000	169000000	423
chr1	169000000	170000000	361
chr1	170000000	171000000	406
chr1	171000000	172000000	311
chr1	172000000	173000000	329
chr1	173000000	174000000	329
chr1	174000000	175000000	453
chr1	175000000	176000000	399
chr1	176000000	177000000	204
chr1	177000000	178000000	33
chr1	178000000	179000000	0
chr1	179000000	180000000	3
chr1	180000000	181000000	0
chr1	181000000	182000000	0
chr1	182000000	183000000	0
chr1	183000000	184000000	0
chr1	184000000	185000000	0
chr1	185000000	185300982	0
chr2	0	1000000	344
chr2	1000000	2000000	393
chr2	2000000	3000000	379
chr2	3000000	4000000	358
chr2	4000000	5000000	324
chr2	5000000	6000000	359
chr2	6000000	7000000	372
chr2	7000000	8000000	367
chr2	8000000	9000000	349
chr2	9000000	10000000	384
chr2	10000000	11000000	353
chr2	11000000	12000000	417
chr2	12000000	13000000	400
chr2	13000000	14000000	375
chr2	14000000	15000000	520
chr2	15000000	16000000	415
chr2	16000000	17000000	406
chr2	17000000	18000000	510
chr2	18000000	19000000	623
chr2	19000000	20000000	396
chr2	20000000	21000000	535
chr2	21000000	22000000	613
chr2	22000000	23000000	530
chr2	23000000	24000000	260
chr2	24000000	25000000	554
chr2	25000000	26000000	275
chr2	26000000	27000000	441
chr2	27000000	28000000	522
chr2	28000000	29000000	577
chr2	29000000	30000000	621
chr2	30000000	31000000	681
chr2	31000000	32000000	382
chr2	32000000	33000000	482
chr2	33000000	34000000	536
chr2	34000000	35000000	453
chr2	35000000	36000000	365
chr2	36000000	37000000	424
chr2	37000000	38000000	301
chr2	38000000	39000000	337
chr2	39000000	40000000	257
chr2	40000000	41000000	470
chr2	41000000	42000000	281
chr2	42000000	43000000	358
chr2	43000000	44000000	499
chr2	44000000	45000000	281
chr2	45000000	46000000	383
chr2	46000000	47000000	493
chr2	47000000	48000000	246
chr2	48000000	49000000	315
chr2	49000000	50000000	538
chr2	50000000	51000000	381
chr2	51000000	52000000	333
chr2	52000000	53000000	327
chr2	53000000	54000000	403
chr2	54000000	55000000	319
chr2	55000000	56000000	446
chr2	56000000	57000000	366
chr2	57000000	58000000	368
chr2	58000000	59000000	418
chr2	59000000	60000000	344
chr2	60000000	61000000	468
chr2	61000000	62000000	394
chr2	62000000	63000000	406
chr2	63000000	64000000	361
chr2	64000000	65000000	380
chr2	65000000	66000000	580
chr2	66000000	67000000	437
chr2	67000000	68000000	358
chr2	68000000	69000000	354
chr2	69000000	70000000	385
chr2	70000000	71000000	321
chr2	71000000	72000000	381
chr2	72000000	73000000	374
chr2	73000000	74000000	343
chr2	74000000	75000000	432
chr2	75000000	76000000	403
chr2	76000000	77000000	314
chr2	77000000	78000000	389
chr2	78000000	79000000	327
chr2	79000000	80000000	619
chr2	80000000	81000000	581
chr2	81000000	82000000	690
chr2	82000000	83000000	450
chr2	83000000	84000000	280
chr2	84000000	85000000	482
chr2	85000000	86000000	517
chr2	86000000	87000000	565
chr2	87000000	88000000	359
chr2	88000000	89000000	304
chr2	89000000	90000000	293
chr2	90000000	91000000	270
chr2	91000000	92000000	291
chr2	92000000	93000000	293
chr2	93000000	94000000	282
chr2	94000000	95000000	302
chr2	95000000	96000000	318
chr2	96000000	97000000	284
chr2	97000000	98000000	293
chr2	98000000	99000000	280
chr2	99000000	100000000	325
chr2	100000000	101000000	326
chr2	101000000	102000000	271
chr2	102000000	103000000	289
chr2	103000000	104000000	297
chr2	104000000	105000000	320
chr2	105000000	106000000	395
chr2	106000000	107000000	46
chr2	107000000	108000000	0
chr2	108000000	109000000	213
chr2	109000000	110000000	500
chr2	110000000	111000000	484
chr2	111000000	112000000	403
chr2	112000000	113000000	312
chr2	113000000	114000000	313
chr2	114000000	115000000	299
chr2	115000000	116000000	296
chr2	116000000	117000000	282
chr2	117000000	118000000	291
chr2	118000000	119000000	282
chr2	119000000	120000000	272
chr2	120000000	121000000	386
chr2	121000000	122000000	385
chr2	122000000	123000000	359
chr2	123000000	124000000	310
chr2	124000000	125000000	400
chr2	125000000	126000000	368
chr2	126000000	127000000	417
chr2	127000000	128000000	408
chr2	128000000	129000000	358
chr2	129000000	130000000	351
chr2	130000000	131000000	424
chr2	131000000	132000000	390
chr2	132000000	133000000	342
chr2	133000000	134000000	442
chr2	134000000	135000000	393
chr2	135000000	136000000	491
chr2	136000000	137000000	416
chr2	137000000	138000000	368
chr2	138000000	139000000	403
chr2	139000000	140000000	371
chr2	140000000	141000000	438
chr2	141000000	142000000	430
chr2	142000000	143000000	494
chr2	143000000	144000000	418
chr2	144000000	145000000	525
chr2	145000000	146000000	460
chr2	146000000	147000000	384
chr2	147000000	148000000	447
chr2	148000000	149000000	298
chr2	149000000	150000000	523
chr2	150000000	151000000	417
chr2	151000000	152000000	422
chr2	152000000	153000000	541
chr2	153000000	154000000	379
chr2	154000000	155000000	368
chr2	155000000	156000000	342
chr2	156000000	157000000	459
chr2	157000000	158000000	403
chr2	158000000	158109495	76
chr3	0	1000000	283
chr3	1000000	2000000	761
chr3	2000000	3000000	497
chr3	3000000	4000000	512
chr3	4000000	5000000	524
chr3	5000000	6000000	529
chr3	6000000	7000000	541
chr3	7000000	8000000	532
chr3	8000000	9000000	487
chr3	9000000	10000000	179
chr3	10000000	11000000	4
chr3	11000000	12000000	0
chr3	12000000	13000000	208
chr3	13000000	14000000	1025
chr3	14000000	15000000	522
chr3	15000000	16000000	301
chr3	16000000	17000000	299
chr3	17000000	18000000	313
chr3	18000000	19000000	313
chr3	19000000	20000000	294
chr3	20000000	21000000	474
chr3	21000000	22000000	304
chr3	22000000	23000000	424
chr3	23000000	24000000	299
chr3	24000000	25000000	472
chr3	25000000	26000000	387
chr3	26000000	27000000	340
chr3	27000000	28000000	381
chr3	28000000	29000000	384
chr3	29000000	30000000	363
chr3	30000000	31000000	366
chr3	31000000	32000000	489
chr3	32000000	33000000	383
chr3	33000000	34000000	388
chr3	34000000	35000000	414
chr3	35000000	36000000	333
chr3	36000000	37000000	364
chr3	37000000	38000000	393
chr3	38000000	39000000	322
chr3	39000000	40000000	545
chr3	40000000	41000000	342
chr3	41000000	42000000	514
chr3	42000000	43000000	563
chr3	43000000	44000000	679
chr3	44000000	45000000	410
chr3	45000000	46000000	344
chr3	46000000	47000000	321
chr3	47000000	48000000	323
chr3	48000000	49000000	336
chr3	49000000	50000000	392
chr3	50000000	51000000	352
chr3	51000000	52000000	438
chr3	52000000	53000000	436
chr3	53000000	54000000	394
chr3	54000000	55000000	349
chr3	55000000	56000000	382
chr3	56000000	57000000	416
chr3	57000000	58000000	382
chr3	58000000	59000000	380
chr3	59000000	60000000	388
chr3	60000000	61000000	403
chr3	61000000	62000000	373
chr3	62000000	63000000	337
chr3	63000000	64000000	371
chr3	64000000	65000000	386
chr3	65000000	66000000	422
chr3	66000000	67000000	323
chr3	67000000	68000000	324
chr3	68000000	69000000	344
chr3	69000000	70000000	288
chr3	70000000	71000000	371
chr3	71000000	72000000	399
chr3	72000000	73000000	413
chr3	73000000	74000000	326
chr3	74000000	75000000	403
chr3	75000000	76000000	426
chr3	76000000	77000000	342
chr3	77000000	78000000	297
chr3	78000000	79000000	339
chr3	79000000	80000000	460
chr3	80000000	81000000	590
chr3	81000000	82000000	564
chr3	82000000	83000000	536
chr3	83000000	84000000	416
chr3	84000000	85000000	471
chr3	85000000	86000000	448
chr3	86000000	87000000	572
chr3	87000000	88000000	536
chr3	88000000	89000000	552
chr3	89000000	90000000	520
chr3	90000000	91000000	484
chr3	91000000	92000000	533
chr3	92000000	93000000	428
chr3	93000000	94000000	428
chr3	94000000	95000000	525
chr3	95000000	96000000	487
chr3	96000000	97000000	407
chr3	97000000	98000000	432
chr3	98000000	99000000	404
chr3	99000000	100000000	396
chr3	100000000	101000000	362
chr3	101000000	102000000	406
chr3	102000000	103000000	271
chr3	103000000	104000000	391
chr3	104000000	105000000	301
chr3	105000000	106000000	405
chr3	106000000	107000000	332
chr3	107000000	108000000	293
chr3	108000000	109000000	507
chr3	109000000	110000000	617
chr3	110000000	111000000	415
chr3	111000000	112000000	331
chr3	112000000	113000000	382
chr3	113000000	114000000	263
chr3	114000000	115000000	302
chr3	115000000	116000000	309
chr3	116000000	117000000	275
chr3	117000000	118000000	601
chr3	118000000	119000000	599
chr3	119000000	120000000	599
chr3	120000000	121000000	548
chr3	121000000	122000000	608
chr3	122000000	123000000	524
chr3	123000000	124000000	568
chr3	124000000	125000000	474
chr3	125000000	126000000	388
chr3	126000000	127000000	574
chr3	127000000	128000000	623
chr3	128000000	129000000	317
chr3	129000000	130000000	387
chr3	130000000	131000000	406
chr3	131000000	132000000	334
chr3	132000000	133000000	340
chr3	133000000	134000000	469
chr3	134000000	135000000	338
chr3	135000000	136000000	398
chr3	136000000	137000000	456
chr3	137000000	138000000	408
chr3	138000000	139000000	343
chr3	139000000	140000000	363
chr3	140000000	141000000	355
chr3	141000000	142000000	318
chr3	142000000	143000000	466
chr3	143000000	144000000	422
chr3	144000000	145000000	402
chr3	145000000	146000000	399
chr3	146000000	147000000	511
chr3	147000000	148000000	394
chr3	148000000	149000000	573
chr3	149000000	150000000	402
chr3	150000000	151000000	108
chr3	151000000	152000000	13
chr3	152000000	152493930	103
chr4	0	1000000	351
chr4	1000000	2000000	369
chr4	2000000	3000000	364
chr4	3000000	4000000	353
chr4	4000000	5000000	336
chr4	5000000	6000000	350
chr4	6000000	7000000	292
chr4	7000000	8000000	292
chr4	8000000	9000000	384
chr4	9000000	10000000	361
chr4	10000000	11000000	406
chr4	11000000	12000000	365
chr4	12000000	13000000	351
chr4	13000000	14000000	529
chr4	14000000	15000000	669
chr4	15000000	16000000	452
chr4	16000000	17000000	429
chr4	17000000	18000000	364
chr4	18000000	19000000	503
chr4	19000000	20000000	416
chr4	20000000	21000000	478
chr4	21000000	22000000	457
chr4	22000000	23000000	465
chr4	23000000	24000000	386
chr4	24000000	25000000	476
chr4	25000000	26000000	473
chr4	26000000	27000000	479
chr4	27000000	28000000	516
chr4	28000000	29000000	451
chr4	29000000	30000000	432
chr4	30000000	31000000	420
chr4	31000000	32000000	431
chr4	32000000	33000000	452
chr4	33000000	34000000	497
chr4	34000000	35000000	426
chr4	35000000	36000000	450
chr4	36000000	37000000	529
chr4	37000000	38000000	494
chr4	38000000	39000000	619
chr4	39000000	40000000	585
chr4	40000000	41000000	310
chr4	41000000	42000000	490
chr4	42000000	43000000	397
chr4	43000000	44000000	357
chr4	44000000	45000000	525
chr4	45000000	46000000	547
chr4	46000000	47000000	450
chr4	47000000	48000000	495
chr4	48000000	49000000	439
chr4	49000000	50000000	378
chr4	50000000	51000000	352
chr4	51000000	52000000	350
chr4	52000000	53000000	344
chr4	53000000	54000000	418
chr4	54000000	55000000	347
chr4	55000000	56000000	386
chr4	56000000	57000000	367
chr4	57000000	58000000	407
chr4	58000000	59000000	350
chr4	59000000	60000000	294
chr4	60000000	61000000	328
chr4	61000000	62000000	628
chr4	62000000	63000000	494
chr4	63000000	64000000	528
chr4	64000000	65000000	390
chr4	65000000	66000000	413
chr4	66000000	67000000	511
chr4	67000000	68000000	496
chr4	68000000	69000000	425
chr4	69000000	70000000	516
chr4	70000000	71000000	453
chr4	71000000	72000000	439
chr4	72000000	73000000	432
chr4	73000000	74000000	400
chr4	74000000	75000000	388
chr4	75000000	76000000	521
chr4	76000000	77000000	583
chr4	77000000	78000000	414
chr4	78000000	79000000	356
chr4	79000000	80000000	383
chr4	80000000	81000000	588
chr4	81000000	82000000	477
chr4	82000000	83000000	625
chr4	83000000	84000000	600
chr4	84000000	85000000	559
chr4	85000000	86000000	382
chr4	86000000	87000000	474
chr4	87000000	88000000	414
chr4	88000000	89000000	316
chr4	89000000	90000000	415
chr4	90000000	91000000	396
chr4	91000000	92000000	333
chr4	92000000	93000000	244
chr4	93000000	94000000	241
chr4	94000000	95000000	419
chr4	95000000	96000000	352
chr4	96000000	97000000	318
chr4	97000000	98000000	365
chr4	98000000	99000000	456
chr4	99000000	100000000	367
chr4	100000000	101000000	593
chr4	101000000	102000000	393
chr4	102000000	103000000	388
chr4	103000000	104000000	435
chr4	104000000	105000000	320
chr4	105000000	106000000	382
chr4	106000000	107000000	346
chr4	107000000	108000000	281
chr4	108000000	109000000	322
chr4	109000000	110000000	320
chr4	110000000	111000000	285
chr4	111000000	112000000	272
chr4	112000000	113000000	443
chr4	113000000	114000000	330
chr4	114000000	115000000	390
chr4	115000000	116000000	326
chr4	116000000	117000000	281
chr4	117000000	118000000	256
chr4	118000000	119000000	344
chr4	119000000	120000000	270
chr4	120000000	121000000	310
chr4	121000000	122000000	345
chr4	122000000	123000000	267
chr4	123000000	124000000	324
chr4	124000000	125000000	140
chr4	125000000	126000000	12
chr4	126000000	127000000	35
chr4	127000000	128000000	12
chr4	128000000	129000000	16
chr4	129000000	130000000	8
chr4	130000000	131000000	12
chr4	131000000	132000000	22
chr4	132000000	133000000	37
chr4	133000000	134000000	257
chr4	134000000	135000000	366
chr4	135000000	136000000	369
chr4	136000000	137000000	292
chr4	137000000	138000000	274
chr4	138000000	139000000	286
chr4	139000000	140000000	321
chr4	140000000	141000000	283
chr4	141000000	142000000	235
chr4	142000000	143000000	296
chr4	143000000	144000000	274
chr4	144000000	145000000	287
chr4	145000000	146000000	294
chr4	146000000	147000000	368
chr4	147000000	148000000	321
chr4	148000000	149000000	305
chr4	149000000	150000000	19
chr4	150000000	151000000	83
chr4	151000000	151562733	7
chr5	0	1000000	4
chr5	1000000	2000000	0
chr5	2000000	3000000	19
chr5	3000000	4000000	28
chr5	4000000	5000000	225
chr5	5000000	6000000	365
chr5	6000000	7000000	540
chr5	7000000	8000000	462
chr5	8000000	9000000	478
chr5	9000000	10000000	372
chr5	10000000	11000000	386
chr5	11000000	12000000	500
chr5	12000000	13000000	407
chr5	13000000	14000000	375
chr5	14000000	15000000	429
chr5	15000000	16000000	389
chr5	16000000	17000000	393
chr5	17000000	18000000	403
chr5	18000000	19000000	411
chr5	19000000	20000000	421
chr5	20000000	21000000	439
chr5	21000000	22000000	373
chr5	22000000	23000000	388
chr5	23000000	24000000	367
chr5	24000000	25000000	319
chr5	25000000	26000000	385
chr5	26000000	27000000	452
chr5	27000000	28000000	375
chr5	28000000	29000000	404
chr5	29000000	30000000	389
chr5	30000000	31000000	442
chr5	31000000	32000000	326
chr5	32000000	33000000	433
chr5	33000000	34000000	443
chr5	34000000	35000000	384
chr5	35000000	36000000	362
chr5	36000000	37000000	451
chr5	37000000	38000000	404
chr5	38000000	39000000	333
chr5	39000000	40000000	404
chr5	40000000	41000000	409
chr5	41000000	42000000	458
chr5	42000000	43000000	344
chr5	43000000	44000000	365
chr5	44000000	45000000	400
chr5	45000000	46000000	361
chr5	46000000	47000000	364
chr5	47000000	48000000	387
chr5	48000000	49000000	384
chr5	49000000	50000000	371
chr5	50000000	51000000	380
chr5	51000000	52000000	381
chr5	52000000	53000000	352
chr5	53000000	54000000	367
chr5	54000000	55000000	551
chr5	55000000	56000000	371
chr5	56000000	57000000	351
chr5	57000000	58000000	374
chr5	58000000	59000000	437
chr5	59000000	60000000	342
chr5	60000000	61000000	334
chr5	61000000	62000000	387
chr5	62000000	63000000	438
chr5	63000000	64000000	454
chr5	64000000	65000000	332
chr5	65000000	66000000	392
chr5	66000000	67000000	401
chr5	67000000	68000000	389
chr5	68000000	69000000	405
chr5	69000000	70000000	361
chr5	70000000	71000000	352
chr5	71000000	72000000	382
chr5	72000000	73000000	340
chr5	73000000	74000000	360
chr5	74000000	75000000	323
chr5	75000000	76000000	296
chr5	76000000	77000000	378
chr5	77000000	78000000	348
chr5	78000000	79000000	403
chr5	79000000	80000000	323
chr5	80000000	81000000	383
chr5	81000000	82000000	194
chr5	82000000	83000000	230
chr5	83000000	84000000	335
chr5	84000000	85000000	339
chr5	85000000	86000000	389
chr5	86000000	87000000	454
chr5	87000000	88000000	422
chr5	88000000	89000000	334
chr5	89000000	90000000	357
chr5	90000000	91000000	415
chr5	91000000	92000000	352
chr5	92000000	93000000	429
chr5	93000000	94000000	418
chr5	94000000	95000000	341
chr5	95000000	96000000	337
chr5	96000000	97000000	392
chr5	97000000	98000000	374
chr5	98000000	99000000	432
chr5	99000000	100000000	424
chr5	100000000	101000000	385
chr5	101000000	102000000	338
chr5	102000000	103000000	336
chr5	103000000	104000000	362
chr5	104000000	105000000	332
chr5	105000000	106000000	370
chr5	106000000	107000000	347
chr5	107000000	108000000	305
chr5	108000000	109000000	389
chr5	109000000	110000000	398
chr5	110000000	111000000	337
chr5	111000000	112000000	340
chr5	112000000	113000000	315
chr5	113000000	114000000	364
chr5	114000000	115000000	609
chr5	115000000	116000000	408
chr5	116000000	117000000	332
chr5	117000000	118000000	318
chr5	118000000	119000000	408
chr5	119000000	120000000	397
chr5	120000000	121000000	332
chr5	121000000	122000000	391
chr5	122000000	123000000	415
chr5	123000000	124000000	304
chr5	124000000	125000000	339
chr5	125000000	126000000	378
chr5	126000000	127000000	316
chr5	127000000	128000000	345
chr5	128000000	129000000	399
chr5	129000000	130000000	310
chr5	130000000	131000000	374
chr5	131000000	132000000	333
chr5	132000000	133000000	388
chr5	133000000	134000000	347
chr5	134000000	135000000	297
chr5	135000000	136000000	322
chr5	136000000	137000000	354
chr5	137000000	138000000	223
chr5	138000000	139000000	0
chr5	139000000	140000000	74
chr5	140000000	141000000	17
chr5	141000000	142000000	183
chr5	142000000	142911117	53
chr6	0	1000000	286
chr6	1000000	2000000	265
chr6	2000000	3000000	286
chr6	3000000	4000000	297
chr6	4000000	5000000	487
chr6	5000000	6000000	312
chr6	6000000	7000000	331
chr6	7000000	8000000	335
chr6	8000000	9000000	392
chr6	9000000	10000000	413
chr6	10000000	11000000	339
chr6	11000000	12000000	311
chr6	12000000	13000000	334
chr6	13000000	14000000	409
chr6	14000000	15000000	482
chr6	15000000	16000000	353
chr6	16000000	17000000	364
chr6	17000000	18000000	446
chr6	18000000	19000000	390
chr6	19000000	20000000	387
chr6	20000000	21000000	422
chr6	21000000	22000000	363
chr6	22000000	23000000	408
chr6	23000000	24000000	448
chr6	24000000	25000000	318
chr6	25000000	26000000	485
chr6	26000000	27000000	264
chr6	27000000	28000000	376
chr6	28000000	29000000	454
chr6	29000000	30000000	397
chr6	30000000	31000000	493
chr6	31000000	32000000	222
chr6	32000000	33000000	511
chr6	33000000	34000000	433
chr6	34000000	35000000	527
chr6	35000000	36000000	594
chr6	36000000	37000000	509
chr6	37000000	38000000	454
chr6	38000000	39000000	434
chr6	39000000	40000000	404
chr6	40000000	41000000	423
chr6	41000000	42000000	486
chr6	42000000	43000000	551
chr6	43000000	44000000	450
chr6	44000000	45000000	472
chr6	45000000	46000000	459
chr6	46000000	47000000	402
chr6	47000000	48000000	477
chr6	48000000	49000000	385
chr6	49000000	50000000	395
chr6	50000000	51000000	400
chr6	51000000	52000000	346
chr6	52000000	53000000	343
chr6	53000000	54000000	345
chr6	54000000	55000000	382
chr6	55000000	56000000	382
chr6	56000000	57000000	376
chr6	57000000	58000000	380
chr6	58000000	59000000	370
chr6	59000000	60000000	326
chr6	60000000	61000000	356
chr6	61000000	62000000	339
chr6	62000000	63000000	531
chr6	63000000	64000000	745
chr6	64000000	65000000	427
chr6	65000000	66000000	482
chr6	66000000	67000000	345
chr6	67000000	68000000	362
chr6	68000000	69000000	353
chr6	69000000	70000000	342
chr6	70000000	71000000	374
chr6	71000000	72000000	315
chr6	72000000	73000000	378
chr6	73000000	74000000	300
chr6	74000000	75000000	363
chr6	75000000	76000000	502
chr6	76000000	77000000	363
chr6	77000000	78000000	367
chr6	78000000	79000000	478
chr6	79000000	80000000	477
chr6	80000000	81000000	323
chr6	81000000	82000000	460
chr6	82000000	83000000	380
chr6	83000000	84000000	417
chr6	84000000	85000000	329
chr6	85000000	86000000	356
chr6	86000000	87000000	369
chr6	87000000	88000000	398
chr6	88000000	89000000	291
chr6	89000000	90000000	439
chr6	90000000	91000000	335
chr6	91000000	92000000	336
chr6	92000000	93000000	356
chr6	93000000	94000000	408
chr6	94000000	95000000	527
chr6	95000000	96000000	337
chr6	96000000	97000000	328
chr6	97000000	98000000	355
chr6	98000000	99000000	354
chr6	99000000	100000000	340
chr6	100000000	101000000	497
chr6	101000000	102000000	345
chr6	102000000	103000000	378
chr6	103000000	104000000	384
chr6	104000000	105000000	331
chr6	105000000	106000000	414
chr6	106000000	107000000	347
chr6	107000000	108000000	370
chr6	108000000	109000000	411
chr6	109000000	110000000	438
chr6	110000000	111000000	391
chr6	111000000	112000000	400
chr6	112000000	113000000	522
chr6	113000000	114000000	356
chr6	114000000	115000000	395
chr6	115000000	116000000	320
chr6	116000000	117000000	285
chr6	117000000	118000000	436
chr6	118000000	119000000	348
chr6	119000000	120000000	362
chr6	120000000	121000000	381
chr6	121000000	122000000	359
chr6	122000000	123000000	431
chr6	123000000	124000000	376
chr6	124000000	125000000	357
chr6	125000000	126000000	438
chr6	126000000	127000000	404
chr6	127000000	128000000	361
chr6	128000000	129000000	363
chr6	129000000	130000000	428
chr6	130000000	131000000	279
chr6	131000000	132000000	366
chr6	132000000	133000000	324
chr6	133000000	134000000	377
chr6	134000000	135000000	357
chr6	135000000	136000000	441
chr6	136000000	137000000	506
chr6	137000000	138000000	357
chr6	138000000	138704743	286
chr7	0	1000000	260
chr7	1000000	2000000	505
chr7	2000000	3000000	514
chr7	3000000	4000000	589
chr7	4000000	5000000	614
chr7	5000000	6000000	635
chr7	6000000	7000000	674
chr7	7000000	8000000	551
chr7	8000000	9000000	538
chr7	9000000	10000000	493
chr7	10000000	11000000	511
chr7	11000000	12000000	471
chr7	12000000	13000000	441
chr7	13000000	14000000	422
chr7	14000000	15000000	474
chr7	15000000	16000000	629
chr7	16000000	17000000	565
chr7	17000000	18000000	535
chr7	18000000	19000000	561
chr7	19000000	20000000	519
chr7	20000000	21000000	391
chr7	21000000	22000000	373
chr7	22000000	23000000	477
chr7	23000000	24000000	391
chr7	24000000	25000000	419
chr7	25000000	26000000	625
chr7	26000000	27000000	480
chr7	27000000	28000000	425
chr7	28000000	29000000	679
chr7	29000000	30000000	608
chr7	30000000	31000000	534
chr7	31000000	32000000	652
chr7	32000000	33000000	608
chr7	33000000	34000000	292
chr7	34000000	35000000	578
chr7	35000000	36000000	423
chr7	36000000	37000000	380
chr7	37000000	38000000	525
chr7	38000000	39000000	569
chr7	39000000	40000000	587
chr7	40000000	41000000	466
chr7	41000000	42000000	399
chr7	42000000	43000000	369
chr7	43000000	44000000	355
chr7	44000000	45000000	390
chr7	45000000	46000000	352
chr7	46000000	47000000	361
chr7	47000000	48000000	471
chr7	48000000	49000000	432
chr7	49000000	50000000	498
chr7	50000000	51000000	322
chr7	51000000	52000000	247
chr7	52000000	53000000	429
chr7	53000000	54000000	402
chr7	54000000	55000000	428
chr7	55000000	56000000	325
chr7	56000000	57000000	333
chr7	57000000	58000000	381
chr7	58000000	59000000	396
chr7	59000000	60000000	411
chr7	60000000	61000000	1312
chr7	61000000	62000000	13
chr7	62000000	63000000	0
chr7	63000000	64000000	2
chr7	64000000	65000000	0
chr7	65000000	66000000	17
chr7	66000000	67000000	105
chr7	67000000	68000000	397
chr7	68000000	69000000	416
chr7	69000000	70000000	407
chr7	70000000	71000000	411
chr7	71000000	72000000	390
chr7	72000000	73000000	346
chr7	73000000	74000000	401
chr7	74000000	75000000	347
chr7	75000000	76000000	347
chr7	76000000	77000000	375
chr7	77000000	78000000	411
chr7	78000000	79000000	403
chr7	79000000	80000000	437
chr7	80000000	81000000	440
chr7	81000000	82000000	445
chr7	82000000	83000000	409
chr7	83000000	84000000	461
chr7	84000000	85000000	432
chr7	85000000	86000000	390
chr7	86000000	87000000	441
chr7	87000000	88000000	406
chr7	88000000	89000000	440
chr7	89000000	90000000	409
chr7	90000000	91000000	365
chr7	91000000	92000000	369
chr7	92000000	93000000	421
chr7	93000000	94000000	370
chr7	94000000	95000000	313
chr7	95000000	96000000	369
chr7	96000000	97000000	359
chr7	97000000	98000000	388
chr7	98000000	99000000	409
chr7	99000000	100000000	385
chr7	100000000	101000000	429
chr7	101000000	102000000	353
chr7	102000000	103000000	367
chr7	103000000	104000000	378
chr7	104000000	105000000	423
chr7	105000000	106000000	433
chr7	106000000	107000000	389
chr7	107000000	108000000	464
chr7	108000000	109000000	420
chr7	109000000	110000000	487
chr7	110000000	111000000	408
chr7	111000000	112000000	391
chr7	112000000	113000000	374
chr7	113000000	114000000	403
chr7	114000000	115000000	426
chr7	115000000	116000000	396
chr7	116000000	117000000	381
chr7	117000000	118000000	353
chr7	118000000	119000000	428
chr7	119000000	120000000	425
chr7	120000000	121000000	585
chr7	121000000	122000000	444
chr7	122000000	123000000	393
chr7	123000000	124000000	378
chr7	124000000	125000000	328
chr7	125000000	126000000	403
chr7	126000000	127000000	365
chr7	127000000	128000000	436
chr7	128000000	129000000	399
chr7	129000000	130000000	354
chr7	130000000	131000000	425
chr7	131000000	132000000	386
chr7	132000000	133000000	305
chr7	133000000	134000000	288
chr7	134000000	135000000	23
chr7	135000000	136000000	34
chr7	136000000	137000000	18
chr7	137000000	138000000	0
chr7	138000000	138367390	2
chr8	0	1000000	403
chr8	1000000	2000000	436
chr8	2000000	3000000	354
chr8	3000000	4000000	372
chr8	4000000	5000000	364
chr8	5000000	6000000	318
chr8	6000000	7000000	331
chr8	7000000	8000000	356
chr8	8000000	9000000	402
chr8	9000000	10000000	471
chr8	10000000	11000000	454
chr8	11000000	12000000	476
chr8	12000000	13000000	369
chr8	13000000	14000000	468
chr8	14000000	15000000	473
chr8	15000000	16000000	385
chr8	16000000	17000000	483
chr8	17000000	18000000	402
chr8	18000000	19000000	396
chr8	19000000	20000000	364
chr8	20000000	21000000	453
chr8	21000000	22000000	399
chr8	22000000	23000000	445
chr8	23000000	24000000	427
chr8	24000000	25000000	355
chr8	25000000	26000000	391
chr8	26000000	27000000	329
chr8	27000000	28000000	389
chr8	28000000	29000000	424
chr8	29000000	30000000	446
chr8	30000000	31000000	619
chr8	31000000	32000000	317
chr8	32000000	33000000	364
chr8	33000000	34000000	338
chr8	34000000	35000000	443
chr8	35000000	36000000	420
chr8	36000000	37000000	427
chr8	37000000	38000000	430
chr8	38000000	39000000	456
chr8	39000000	40000000	419
chr8	40000000	41000000	357
chr8	41000000	42000000	352
chr8	42000000	43000000	261
chr8	43000000	44000000	258
chr8	44000000	45000000	465
chr8	45000000	46000000	579
chr8	46000000	47000000	338
chr8	47000000	48000000	315
chr8	48000000	49000000	321
chr8	49000000	50000000	351
chr8	50000000	51000000	328
chr8	51000000	52000000	364
chr8	52000000	53000000	347
chr8	53000000	54000000	332
chr8	54000000	55000000	310
chr8	55000000	56000000	373
chr8	56000000	57000000	371
chr8	57000000	58000000	677
chr8	58000000	59000000	712
chr8	59000000	60000000	499
chr8	60000000	61000000	284
chr8	61000000	62000000	225
chr8	62000000	63000000	12
chr8	63000000	64000000	1
chr8	64000000	65000000	236
chr8	65000000	66000000	478
chr8	66000000	67000000	349
chr8	67000000	68000000	376
chr8	68000000	69000000	361
chr8	69000000	70000000	387
chr8	70000000	71000000	324
chr8	71000000	72000000	427
chr8	72000000	73000000	472
chr8	73000000	74000000	450
chr8	74000000	75000000	422
chr8	75000000	76000000	531
chr8	76000000	77000000	379
chr8	77000000	78000000	535
chr8	78000000	79000000	409
chr8	79000000	80000000	387
chr8	80000000	81000000	388
chr8	81000000	82000000	439
chr8	82000000	83000000	374
chr8	83000000	84000000	437
chr8	84000000	85000000	341
chr8	85000000	86000000	399
chr8	86000000	87000000	401
chr8	87000000	88000000	390
chr8	88000000	89000000	461
chr8	89000000	90000000	465
chr8	90000000	91000000	380
chr8	91000000	92000000	480
chr8	92000000	93000000	329
chr8	93000000	94000000	462
chr8	94000000	95000000	394
chr8	95000000	96000000	514
chr8	96000000	97000000	461
chr8	97000000	98000000	331
chr8	98000000	99000000	402
chr8	99000000	100000000	460
chr8	100000000	101000000	375
chr8	101000000	102000000	372
chr8	102000000	103000000	324
chr8	103000000	104000000	392
chr8	104000000	105000000	408
chr8	105000000	106000000	407
chr8	106000000	107000000	376
chr8	107000000	108000000	494
chr8	108000000	109000000	402
chr8	109000000	110000000	367
chr8	110000000	111000000	412
chr8	111000000	112000000	330
chr8	112000000	113000000	393
chr8	113000000	114000000	335
chr8	114000000	115000000	409
chr8	115000000	116000000	373
chr8	116000000	117000000	397
chr8	117000000	118000000	391
chr8	118000000	119000000	316
chr8	119000000	120000000	416
chr8	120000000	121000000	344
chr8	121000000	122000000	391
chr8	122000000	123000000	404
chr8	123000000	124000000	459
chr8	124000000	125000000	383
chr8	125000000	126000000	396
chr8	126000000	127000000	991
chr8	127000000	128000000	16
chr8	128000000	129000000	4
chr8	129000000	130000000	306
chr8	130000000	131000000	347
chr8	131000000	132000000	4
chr8	132000000	133000000	6
chr8	133000000	134000000	8
chr8	134000000	134185266	0
chr9	0	1000000	6
chr9	1000000	2000000	7
chr9	2000000	3000000	312
chr9	3000000	4000000	442
chr9	4000000	5000000	29
chr9	5000000	6000000	30
chr9	6000000	7000000	0
chr9	7000000	8000000	0
chr9	8000000	9000000	42
chr9	9000000	10000000	374
chr9	10000000	11000000	290
chr9	11000000	12000000	338
chr9	12000000	13000000	328
chr9	13000000	14000000	364
chr9	14000000	15000000	388
chr9	15000000	16000000	354
chr9	16000000	17000000	358
chr9	17000000	18000000	371
chr9	18000000	19000000	408
chr9	19000000	20000000	371
chr9	20000000	21000000	388
chr9	21000000	22000000	462
chr9	22000000	23000000	425
chr9	23000000	24000000	385
chr9	24000000	25000000	411
chr9	25000000	26000000	431
chr9	26000000	27000000	434
chr9	27000000	28000000	542
chr9	28000000	29000000	416
chr9	29000000	30000000	571
chr9	30000000	31000000	419
chr9	31000000	32000000	470
chr9	32000000	33000000	316
chr9	33000000	34000000	376
chr9	34000000	35000000	459
chr9	35000000	36000000	373
chr9	36000000	37000000	315
chr9	37000000	38000000	325
chr9	38000000	39000000	418
chr9	39000000	40000000	356
chr9	40000000	41000000	366
chr9	41000000	42000000	339
chr9	42000000	43000000	449
chr9	43000000	44000000	371
chr9	44000000	45000000	421
chr9	45000000	46000000	366
chr9	46000000	47000000	415
chr9	47000000	48000000	383
chr9	48000000	49000000	407
chr9	49000000	50000000	368
chr9	50000000	51000000	405
chr9	51000000	52000000	361
chr9	52000000	53000000	413
chr9	53000000	54000000	323
chr9	54000000	55000000	487
chr9	55000000	56000000	374
chr9	56000000	57000000	453
chr9	57000000	58000000	283
chr9	58000000	59000000	126
chr9	59000000	60000000	257
chr9	60000000	61000000	307
chr9	61000000	62000000	321
chr9	62000000	63000000	409
chr9	63000000	64000000	347
chr9	64000000	65000000	443
chr9	65000000	66000000	376
chr9	66000000	67000000	361
chr9	67000000	68000000	580
chr9	68000000	69000000	397
chr9	69000000	70000000	355
chr9	70000000	71000000	380
chr9	71000000	72000000	364
chr9	72000000	73000000	346
chr9	73000000	74000000	331
chr9	74000000	75000000	276
chr9	75000000	76000000	301
chr9	76000000	77000000	399
chr9	77000000	78000000	460
chr9	78000000	79000000	362
chr9	79000000	80000000	560
chr9	80000000	81000000	467
chr9	81000000	82000000	397
chr9	82000000	83000000	511
chr9	83000000	84000000	371
chr9	84000000	85000000	372
chr9	85000000	86000000	413
chr9	86000000	87000000	411
chr9	87000000	88000000	360
chr9	88000000	89000000	324
chr9	89000000	90000000	429
chr9	90000000	91000000	329
chr9	91000000	92000000	333
chr9	92000000	93000000	356
chr9	93000000	94000000	375
chr9	94000000	95000000	393
chr9	95000000	96000000	344
chr9	96000000	97000000	405
chr9	97000000	98000000	405
chr9	98000000	99000000	382
chr9	99000000	100000000	426
chr9	100000000	101000000	423
chr9	101000000	102000000	381
chr9	102000000	103000000	469
chr9	103000000	104000000	371
chr9	104000000	105000000	376
chr9	105000000	106000000	400
chr9	106000000	107000000	444
chr9	107000000	108000000	373
chr9	108000000	109000000	394
chr9	109000000	110000000	355
chr9	110000000	111000000	346
chr9	111000000	112000000	367
chr9	112000000	113000000	453
chr9	113000000	114000000	423
chr9	114000000	115000000	387
chr9	115000000	116000000	335
chr9	116000000	117000000	408
chr9	117000000	118000000	439
chr9	118000000	119000000	444
chr9	119000000	120000000	455
chr9	120000000	121000000	361
chr9	121000000	122000000	376
chr9	122000000	123000000	403
chr9	123000000	124000000	342
chr9	124000000	125000000	341
chr9	125000000	126000000	361
chr9	126000000	127000000	499
chr9	127000000	128000000	438
chr9	128000000	129000000	147
chr9	129000000	130000000	2
chr9	130000000	131000000	4
chr9	131000000	132000000	1
chr9	132000000	133000000	6
chr9	133000000	133551988	1
chr10	0	1000000	306
chr10	1000000	2000000	332
chr10	2000000	3000000	362
chr10	3000000	4000000	364
chr10	4000000	5000000	309
chr10	5000000	6000000	395
chr10	6000000	7000000	336
chr10	7000000	8000000	322
chr10	8000000	9000000	443
chr10	9000000	10000000	392
chr10	10000000	11000000	340
chr10	11000000	12000000	424
chr10	12000000	13000000	537
chr10	13000000	14000000	308
chr10	14000000	15000000	300
chr10	15000000	16000000	396
chr10	16000000	17000000	399
chr10	17000000	18000000	369
chr10	18000000	19000000	360
chr10	19000000	20000000	409
chr10	20000000	21000000	460
chr10	21000000	22000000	412
chr10	22000000	23000000	465
chr10	23000000	24000000	407
chr10	24000000	25000000	349
chr10	25000000	26000000	349
chr10	26000000	27000000	455
chr10	27000000	28000000	362
chr10	28000000	29000000	326
chr10	29000000	30000000	396
chr10	30000000	31000000	446
chr10	31000000	32000000	392
chr10	32000000	33000000	422
chr10	33000000	34000000	344
chr10	34000000	35000000	411
chr10	35000000	36000000	364
chr10	36000000	37000000	309
chr10	37000000	38000000	471
chr10	38000000	39000000	418
chr10	39000000	40000000	272
chr10	40000000	41000000	414
chr10	41000000	42000000	375
chr10	42000000	43000000	315
chr10	43000000	44000000	336
chr10	44000000	45000000	326
chr10	45000000	46000000	359
chr10	46000000	47000000	367
chr10	47000000	48000000	347
chr10	48000000	49000000	383
chr10	49000000	50000000	374
chr10	50000000	51000000	412
chr10	51000000	52000000	452
chr10	52000000	53000000	364
chr10	53000000	54000000	263
chr10	54000000	55000000	336
chr10	55000000	56000000	388
chr10	56000000	57000000	360
chr10	57000000	58000000	344
chr10	58000000	59000000	398
chr10	59000000	60000000	436
chr10	60000000	61000000	386
chr10	61000000	62000000	402
chr10	62000000	63000000	411
chr10	63000000	64000000	393
chr10	64000000	65000000	359
chr10	65000000	66000000	375
chr10	66000000	67000000	338
chr10	67000000	68000000	368
chr10	68000000	69000000	389
chr10	69000000	70000000	357
chr10	70000000	71000000	384
chr10	71000000	72000000	288
chr10	72000000	73000000	316
chr10	73000000	74000000	369
chr10	74000000	75000000	370
chr10	75000000	76000000	308
chr10	76000000	77000000	312
chr10	77000000	78000000	316
chr10	78000000	79000000	283
chr10	79000000	80000000	727
chr10	80000000	81000000	1236
chr10	81000000	82000000	401
chr10	82000000	83000000	484
chr10	83000000	84000000	391
chr10	84000000	85000000	412
chr10	85000000	86000000	400
chr10	86000000	87000000	345
chr10	87000000	88000000	483
chr10	88000000	89000000	342
chr10	89000000	90000000	411
chr10	90000000	91000000	462
chr10	91000000	92000000	417
chr10	92000000	93000000	393
chr10	93000000	94000000	426
chr10	94000000	95000000	458
chr10	95000000	96000000	425
chr10	96000000	97000000	417
chr10	97000000	98000000	440
chr10	98000000	99000000	420
chr10	99000000	100000000	429
chr10	100000000	101000000	386
chr10	101000000	102000000	493
chr10	102000000	103000000	412
chr10	103000000	104000000	383
chr10	104000000	105000000	352
chr10	105000000	106000000	456
chr10	106000000	107000000	381
chr10	107000000	108000000	329
chr10	108000000	109000000	427
chr10	109000000	110000000	484
chr10	110000000	111000000	706
chr10	111000000	112000000	513
chr10	112000000	113000000	634
chr10	113000000	114000000	483
chr10	114000000	115000000	520
chr10	115000000	116000000	443
chr10	116000000	117000000	457
chr10	117000000	118000000	390
chr10	118000000	119000000	318
chr10	119000000	120000000	395
chr10	120000000	121000000	324
chr10	121000000	122000000	357
chr10	122000000	123000000	321
chr10	123000000	124000000	320
chr10	124000000	125000000	371
chr10	125000000	126000000	401
chr10	126000000	126667500	215
chr11	0	1000000	171
chr11	1000000	2000000	0
chr11	2000000	3000000	0
chr11	3000000	4000000	121
chr11	4000000	5000000	158
chr11	5000000	6000000	277
chr11	6000000	7000000	313
chr11	7000000	8000000	336
chr11	8000000	9000000	382
chr11	9000000	10000000	427
chr11	10000000	11000000	334
chr11	11000000	12000000	447
chr11	12000000	13000000	382
chr11	13000000	14000000	326
chr11	14000000	15000000	264
chr11	15000000	16000000	340
chr11	16000000	17000000	363
chr11	17000000	18000000	398
chr11	18000000	19000000	432
chr11	19000000	20000000	505
chr11	20000000	21000000	448
chr11	21000000	22000000	407
chr11	22000000	23000000	396
chr11	23000000	24000000	389
chr11	24000000	25000000	354
chr11	25000000	26000000	353
chr11	26000000	27000000	410
chr11	27000000	28000000	474
chr11	28000000	29000000	357
chr11	29000000	30000000	360
chr11	30000000	31000000	538
chr11	31000000	32000000	376
chr11	32000000	33000000	373
chr11	33000000	34000000	379
chr11	34000000	35000000	329
chr11	35000000	36000000	326
chr11	36000000	37000000	434
chr11	37000000	38000000	416
chr11	38000000	39000000	388
chr11	39000000	40000000	371
chr11	40000000	41000000	334
chr11	41000000	42000000	405
chr11	42000000	43000000	445
chr11	43000000	44000000	337
chr11	44000000	45000000	353
chr11	45000000	46000000	371
chr11	46000000	47000000	328
chr11	47000000	48000000	399
chr11	48000000	49000000	382
chr11	49000000	50000000	383
chr11	50000000	51000000	398
chr11	51000000	52000000	343
chr11	52000000	53000000	504
chr11	53000000	54000000	437
chr11	54000000	55000000	372
chr11	55000000	56000000	309
chr11	56000000	57000000	549
chr11	57000000	58000000	332
chr11	58000000	59000000	342
chr11	59000000	60000000	440
chr11	60000000	61000000	397
chr11	61000000	62000000	384
chr11	62000000	63000000	330
chr11	63000000	64000000	335
chr11	64000000	65000000	388
chr11	65000000	66000000	356
chr11	66000000	67000000	379
chr11	67000000	68000000	344
chr11	68000000	69000000	356
chr11	69000000	70000000	336
chr11	70000000	71000000	268
chr11	71000000	72000000	388
chr11	72000000	73000000	313
chr11	73000000	74000000	381
chr11	74000000	75000000	348
chr11	75000000	76000000	358
chr11	76000000	77000000	417
chr11	77000000	78000000	341
chr11	78000000	79000000	399
chr11	79000000	80000000	334
chr11	80000000	81000000	368
chr11	81000000	82000000	409
chr11	82000000	83000000	281
chr11	83000000	84000000	377
chr11	84000000	85000000	373
chr11	85000000	86000000	606
chr11	86000000	87000000	618
chr11	87000000	88000000	307
chr11	88000000	89000000	410
chr11	89000000	90000000	337
chr11	90000000	91000000	440
chr11	91000000	92000000	438
chr11	92000000	93000000	401
chr11	93000000	94000000	363
chr11	94000000	95000000	342
chr11	95000000	96000000	331
chr11	96000000	97000000	388
chr11	97000000	98000000	470
chr11	98000000	99000000	389
chr11	99000000	100000000	336
chr11	100000000	101000000	364
chr11	101000000	102000000	397
chr11	102000000	103000000	338
chr11	103000000	104000000	555
chr11	104000000	105000000	342
chr11	105000000	106000000	390
chr11	106000000	107000000	461
chr11	107000000	108000000	376
chr11	108000000	109000000	324
chr11	109000000	110000000	407
chr11	110000000	111000000	340
chr11	111000000	112000000	313
chr11	112000000	113000000	470
chr11	113000000	114000000	448
chr11	114000000	115000000	439
chr11	115000000	116000000	480
chr11	116000000	117000000	511
chr11	117000000	118000000	305
chr11	118000000	119000000	498
chr11	119000000	120000000	275
chr11	120000000	121000000	29
chr11	121000000	122000000	0
chr11	122000000	123000000	0
chr11	123000000	124000000	87
chr11	124000000	125000000	0
chr11	125000000	125803812	0
chr12	0	1000000	162
chr12	1000000	2000000	3
chr12	2000000	3000000	0
chr12	3000000	4000000	0
chr12	4000000	5000000	5
chr12	5000000	6000000	25
chr12	6000000	7000000	3
chr12	7000000	8000000	0
chr12	8000000	9000000	86
chr12	9000000	10000000	195
chr12	10000000	11000000	596
chr12	11000000	12000000	482
chr12	12000000	13000000	366
chr12	13000000	14000000	344
chr12	14000000	15000000	351
chr12	15000000	16000000	363
chr12	16000000	17000000	334
chr12	17000000	18000000	328
chr12	18000000	19000000	362
chr12	19000000	20000000	372
chr12	20000000	21000000	434
chr12	21000000	22000000	343
chr12	22000000	23000000	371
chr12	23000000	24000000	389
chr12	24000000	25000000	516
chr12	25000000	26000000	531
chr12	26000000	27000000	392
chr12	27000000	28000000	382
chr12	28000000	29000000	342
chr12	29000000	30000000	436
chr12	30000000	31000000	491
chr12	31000000	32000000	493
chr12	32000000	33000000	436
chr12	33000000	34000000	428
chr12	34000000	35000000	424
chr12	35000000	36000000	414
chr12	36000000	37000000	422
chr12	37000000	38000000	467
chr12	38000000	39000000	409
chr12	39000000	40000000	386
chr12	40000000	41000000	356
chr12	41000000	42000000	393
chr12	42000000	43000000	395
chr12	43000000	44000000	458
chr12	44000000	45000000	393
chr12	45000000	46000000	389
chr12	46000000	47000000	409
chr12	47000000	48000000	330
chr12	48000000	49000000	344
chr12	49000000	50000000	432
chr12	50000000	51000000	402
chr12	51000000	52000000	333
chr12	52000000	53000000	313
chr12	53000000	54000000	366
chr12	54000000	55000000	361
chr12	55000000	56000000	240
chr12	56000000	57000000	366
chr12	57000000	58000000	333
chr12	58000000	59000000	366
chr12	59000000	60000000	370
chr12	60000000	61000000	490
chr12	61000000	62000000	529
chr12	62000000	63000000	464
chr12	63000000	64000000	405
chr12	64000000	65000000	352
chr12	65000000	66000000	407
chr12	66000000	67000000	434
chr12	67000000	68000000	356
chr12	68000000	69000000	557
chr12	69000000	70000000	346
chr12	70000000	71000000	409
chr12	71000000	72000000	551
chr12	72000000	73000000	414
chr12	73000000	74000000	621
chr12	74000000	75000000	393
chr12	75000000	76000000	378
chr12	76000000	77000000	394
chr12	77000000	78000000	414
chr12	78000000	79000000	378
chr12	79000000	80000000	399
chr12	80000000	81000000	355
chr12	81000000	82000000	418
chr12	82000000	83000000	431
chr12	83000000	84000000	372
chr12	84000000	85000000	625
chr12	85000000	86000000	325
chr12	86000000	87000000	393
chr12	87000000	88000000	416
chr12	88000000	89000000	312
chr12	89000000	90000000	520
chr12	90000000	91000000	494
chr12	91000000	92000000	519
chr12	92000000	93000000	459
chr12	93000000	94000000	359
chr12	94000000	95000000	365
chr12	95000000	96000000	329
chr12	96000000	97000000	329
chr12	97000000	98000000	393
chr12	98000000	99000000	319
chr12	99000000	100000000	319
chr12	100000000	101000000	374
chr12	101000000	102000000	529
chr12	102000000	103000000	446
chr12	103000000	104000000	410
chr12	104000000	105000000	337
chr12	105000000	106000000	321
chr12	106000000	107000000	531
chr12	107000000	108000000	324
chr12	108000000	109000000	364
chr12	109000000	110000000	429
chr12	110000000	111000000	442
chr12	111000000	112000000	473
chr12	112000000	113000000	388
chr12	113000000	114000000	384
chr12	114000000	115000000	441
chr12	115000000	116000000	371
chr12	116000000	117000000	348
chr12	117000000	118000000	357
chr12	118000000	119000000	376
chr12	119000000	120000000	298
chr12	120000000	121000000	353
chr12	121000000	122000000	335
chr12	122000000	123000000	412
chr12	123000000	123474991	22
chr13	0	1000000	354
chr13	1000000	2000000	497
chr13	2000000	3000000	385
chr13	3000000	4000000	391
chr13	4000000	5000000	371
chr13	5000000	6000000	409
chr13	6000000	7000000	416
chr13	7000000	8000000	380
chr13	8000000	9000000	336
chr13	9000000	10000000	439
chr13	10000000	11000000	472
chr13	11000000	12000000	368
chr13	12000000	13000000	321
chr13	13000000	14000000	339
chr13	14000000	15000000	394
chr13	15000000	16000000	417
chr13	16000000	17000000	436
chr13	17000000	18000000	371
chr13	18000000	19000000	321
chr13	19000000	20000000	324
chr13	20000000	21000000	374
chr13	21000000	22000000	529
chr13	22000000	23000000	315
chr13	23000000	24000000	352
chr13	24000000	25000000	363
chr13	25000000	26000000	405
chr13	26000000	27000000	387
chr13	27000000	28000000	456
chr13	28000000	29000000	411
chr13	29000000	30000000	334
chr13	30000000	31000000	443
chr13	31000000	32000000	350
chr13	32000000	33000000	377
chr13	33000000	34000000	364
chr13	34000000	35000000	352
chr13	35000000	36000000	410
chr13	36000000	37000000	333
chr13	37000000	38000000	362
chr13	38000000	39000000	388
chr13	39000000	40000000	381
chr13	40000000	41000000	335
chr13	41000000	42000000	388
chr13	42000000	43000000	320
chr13	43000000	44000000	362
chr13	44000000	45000000	317
chr13	45000000	46000000	329
chr13	46000000	47000000	318
chr13	47000000	48000000	364
chr13	48000000	49000000	292
chr13	49000000	50000000	323
chr13	50000000	51000000	392
chr13	51000000	52000000	300
chr13	52000000	53000000	366
chr13	53000000	54000000	402
chr13	54000000	55000000	372
chr13	55000000	56000000	376
chr13	56000000	57000000	306
chr13	57000000	58000000	351
chr13	58000000	59000000	340
chr13	59000000	60000000	400
chr13	60000000	61000000	375
chr13	61000000	62000000	375
chr13	62000000	63000000	390
chr13	63000000	64000000	304
chr13	64000000	65000000	319
chr13	65000000	66000000	456
chr13	66000000	67000000	398
chr13	67000000	68000000	385
chr13	68000000	69000000	343
chr13	69000000	70000000	502
chr13	70000000	71000000	418
chr13	71000000	72000000	350
chr13	72000000	73000000	374
chr13	73000000	74000000	374
chr13	74000000	75000000	375
chr13	75000000	76000000	406
chr13	76000000	77000000	353
chr13	77000000	78000000	405
chr13	78000000	79000000	416
chr13	79000000	80000000	334
chr13	80000000	81000000	350
chr13	81000000	82000000	360
chr13	82000000	83000000	350
chr13	83000000	84000000	353
chr13	84000000	85000000	376
chr13	85000000	86000000	513
chr13	86000000	87000000	323
chr13	87000000	88000000	247
chr13	88000000	89000000	325
chr13	89000000	90000000	355
chr13	90000000	91000000	524
chr13	91000000	92000000	345
chr13	92000000	93000000	513
chr13	93000000	94000000	407
chr13	94000000	95000000	335
chr13	95000000	96000000	342
chr13	96000000	97000000	375
chr13	97000000	98000000	388
chr13	98000000	99000000	355
chr13	99000000	100000000	425
chr13	100000000	101000000	432
chr13	101000000	102000000	376
chr13	102000000	103000000	492
chr13	103000000	104000000	337
chr13	104000000	105000000	362
chr13	105000000	106000000	348
chr13	106000000	107000000	356
chr13	107000000	108000000	418
chr13	108000000	109000000	335
chr13	109000000	110000000	375
chr13	110000000	111000000	398
chr13	111000000	112000000	361
chr13	112000000	113000000	297
chr13	113000000	114000000	411
chr13	114000000	115000000	320
chr13	115000000	116000000	265
chr13	116000000	117000000	385
chr13	117000000	118000000	282
chr13	118000000	119000000	298
chr13	119000000	120000000	305
chr13	120000000	121000000	293
chr13	121000000	121653570	192
chr14	0	1000000	371
chr14	1000000	2000000	351
chr14	2000000	3000000	368
chr14	3000000	4000000	364
chr14	4000000	5000000	494
chr14	5000000	6000000	356
chr14	6000000	7000000	375
chr14	7000000	8000000	343
chr14	8000000	9000000	351
chr14	9000000	10000000	383
chr14	10000000	11000000	474
chr14	11000000	12000000	409
chr14	12000000	13000000	394
chr14	13000000	14000000	385
chr14	14000000	15000000	449
chr14	15000000	16000000	465
chr14	16000000	17000000	411
chr14	17000000	18000000	389
chr14	18000000	19000000	501
chr14	19000000	20000000	370
chr14	20000000	21000000	341
chr14	21000000	22000000	349
chr14	22000000	23000000	321
chr14	23000000	24000000	341
chr14	24000000	25000000	451
chr14	25000000	26000000	448
chr14	26000000	27000000	446
chr14	27000000	28000000	390
chr14	28000000	29000000	402
chr14	29000000	30000000	432
chr14	30000000	31000000	420
chr14	31000000	32000000	372
chr14	32000000	33000000	348
chr14	33000000	34000000	344
chr14	34000000	35000000	431
chr14	35000000	36000000	378
chr14	36000000	37000000	341
chr14	37000000	38000000	505
chr14	38000000	39000000	346
chr14	39000000	40000000	427
chr14	40000000	41000000	444
chr14	41000000	42000000	414
chr14	42000000	43000000	365
chr14	43000000	44000000	344
chr14	44000000	45000000	347
chr14	45000000	46000000	413
chr14	46000000	47000000	316
chr14	47000000	48000000	435
chr14	48000000	49000000	326
chr14	49000000	50000000	315
chr14	50000000	51000000	349
chr14	51000000	52000000	389
chr14	52000000	53000000	398
chr14	53000000	54000000	482
chr14	54000000	55000000	373
chr14	55000000	56000000	530
chr14	56000000	57000000	451
chr14	57000000	58000000	595
chr14	58000000	59000000	348
chr14	59000000	60000000	359
chr14	60000000	61000000	363
chr14	61000000	62000000	452
chr14	62000000	63000000	385
chr14	63000000	64000000	376
chr14	64000000	65000000	368
chr14	65000000	66000000	341
chr14	66000000	67000000	380
chr14	67000000	68000000	372
chr14	68000000	69000000	336
chr14	69000000	70000000	364
chr14	70000000	71000000	396
chr14	71000000	72000000	506
chr14	72000000	73000000	412
chr14	73000000	74000000	361
chr14	74000000	75000000	327
chr14	75000000	76000000	389
chr14	76000000	77000000	402
chr14	77000000	78000000	417
chr14	78000000	79000000	399
chr14	79000000	80000000	319
chr14	80000000	81000000	396
chr14	81000000	82000000	405
chr14	82000000	83000000	384
chr14	83000000	84000000	371
chr14	84000000	85000000	440
chr14	85000000	86000000	374
chr14	86000000	87000000	356
chr14	87000000	88000000	530
chr14	88000000	89000000	506
chr14	89000000	90000000	413
chr14	90000000	91000000	374
chr14	91000000	92000000	351
chr14	92000000	93000000	417
chr14	93000000	94000000	422
chr14	94000000	95000000	407
chr14	95000000	96000000	300
chr14	96000000	97000000	331
chr14	97000000	98000000	345
chr14	98000000	99000000	377
chr14	99000000	100000000	491
chr14	100000000	101000000	453
chr14	101000000	102000000	706
chr14	102000000	103000000	456
chr14	103000000	104000000	457
chr14	104000000	105000000	388
chr14	105000000	106000000	332
chr14	106000000	107000000	286
chr14	107000000	108000000	533
chr14	108000000	109000000	537
chr14	109000000	110000000	514
chr14	110000000	111000000	412
chr14	111000000	112000000	479
chr14	112000000	113000000	437
chr14	113000000	114000000	343
chr14	114000000	114720979	352
chr15	0	1000000	342
chr15	1000000	2000000	427
chr15	2000000	3000000	355
chr15	3000000	4000000	393
chr15	4000000	5000000	276
chr15	5000000	6000000	360
chr15	6000000	7000000	363
chr15	7000000	8000000	471
chr15	8000000	9000000	418
chr15	9000000	10000000	391
chr15	10000000	11000000	398
chr15	11000000	12000000	351
chr15	12000000	13000000	354
chr15	13000000	14000000	382
chr15	14000000	15000000	369
chr15	15000000	16000000	345
chr15	16000000	17000000	303
chr15	17000000	18000000	546
chr15	18000000	19000000	555
chr15	19000000	20000000	429
chr15	20000000	21000000	423
chr15	21000000	22000000	431
chr15	22000000	23000000	426
chr15	23000000	24000000	468
chr15	24000000	25000000	429
chr15	25000000	26000000	426
chr15	26000000	27000000	382
chr15	27000000	28000000	413
chr15	28000000	29000000	439
chr15	29000000	30000000	381
chr15	30000000	31000000	349
chr15	31000000	32000000	390
chr15	32000000	33000000	447
chr15	33000000	34000000	432
chr15	34000000	35000000	361
chr15	35000000	36000000	397
chr15	36000000	37000000	393
chr15	37000000	38000000	543
chr15	38000000	39000000	413
chr15	39000000	40000000	419
chr15	40000000	41000000	476
chr15	41000000	42000000	492
chr15	42000000	43000000	419
chr15	43000000	44000000	432
chr15	44000000	45000000	369
chr15	45000000	46000000	372
chr15	46000000	47000000	388
chr15	47000000	48000000	410
chr15	48000000	49000000	370
chr15	49000000	50000000	364
chr15	50000000	51000000	380
chr15	51000000	52000000	395
chr15	52000000	53000000	354
chr15	53000000	54000000	346
chr15	54000000	55000000	431
chr15	55000000	56000000	489
chr15	56000000	57000000	69
chr15	57000000	58000000	90
chr15	58000000	59000000	364
chr15	59000000	60000000	469
chr15	60000000	61000000	358
chr15	61000000	62000000	357
chr15	62000000	63000000	407
chr15	63000000	64000000	516
chr15	64000000	65000000	389
chr15	65000000	66000000	344
chr15	66000000	67000000	435
chr15	67000000	68000000	392
chr15	68000000	69000000	363
chr15	69000000	70000000	370
chr15	70000000	71000000	372
chr15	71000000	72000000	416
chr15	72000000	73000000	466
chr15	73000000	74000000	384
chr15	74000000	75000000	390
chr15	75000000	76000000	367
chr15	76000000	77000000	358
chr15	77000000	78000000	461
chr15	78000000	79000000	350
chr15	79000000	80000000	369
chr15	80000000	81000000	389
chr15	81000000	82000000	517
chr15	82000000	83000000	694
chr15	83000000	84000000	437
chr15	84000000	85000000	323
chr15	85000000	86000000	332
chr15	86000000	87000000	384
chr15	87000000	88000000	484
chr15	88000000	89000000	586
chr15	89000000	90000000	536
chr15	90000000	91000000	821
chr15	91000000	92000000	630
chr15	92000000	93000000	371
chr15	93000000	94000000	368
chr15	94000000	95000000	334
chr15	95000000	96000000	401
chr15	96000000	97000000	329
chr15	97000000	98000000	429
chr15	98000000	99000000	330
chr15	99000000	100000000	320
chr15	100000000	101000000	327
chr15	101000000	102000000	373
chr15	102000000	103000000	398
chr15	103000000	104000000	416
chr15	104000000	105000000	406
chr15	105000000	106000000	408
chr15	106000000	107000000	330
chr15	107000000	108000000	5
chr15	108000000	109000000	27
chr15	109000000	110000000	17
chr15	110000000	110684108	3
chr16	0	1000000	486
chr16	1000000	2000000	582
chr16	2000000	3000000	424
chr16	3000000	4000000	383
chr16	4000000	5000000	330
chr16	5000000	6000000	416
chr16	6000000	7000000	384
chr16	7000000	8000000	622
chr16	8000000	9000000	438
chr16	9000000	10000000	463
chr16	10000000	11000000	410
chr16	11000000	12000000	418
chr16	12000000	13000000	367
chr16	13000000	14000000	375
chr16	14000000	15000000	433
chr16	15000000	16000000	332
chr16	16000000	17000000	369
chr16	17000000	18000000	320
chr16	18000000	19000000	418
chr16	19000000	20000000	385
chr16	20000000	21000000	568
chr16	21000000	22000000	641
chr16	22000000	23000000	467
chr16	23000000	24000000	480
chr16	24000000	25000000	386
chr16	25000000	26000000	523
chr16	26000000	27000000	506
chr16	27000000	28000000	495
chr16	28000000	29000000	544
chr16	29000000	30000000	443
chr16	30000000	31000000	363
chr16	31000000	32000000	435
chr16	32000000	33000000	437
chr16	33000000	34000000	477
chr16	34000000	35000000	331
chr16	35000000	36000000	392
chr16	36000000	37000000	397
chr16	37000000	38000000	405
chr16	38000000	39000000	397
chr16	39000000	40000000	401
chr16	40000000	41000000	589
chr16	41000000	42000000	431
chr16	42000000	43000000	735
chr16	43000000	44000000	434
chr16	44000000	45000000	323
chr16	45000000	46000000	338
chr16	46000000	47000000	516
chr16	47000000	48000000	715
chr16	48000000	49000000	456
chr16	49000000	50000000	612
chr16	50000000	51000000	585
chr16	51000000	52000000	483
chr16	52000000	53000000	414
chr16	53000000	54000000	429
chr16	54000000	55000000	363
chr16	55000000	56000000	374
chr16	56000000	57000000	365
chr16	57000000	58000000	367
chr16	58000000	59000000	588
chr16	59000000	60000000	668
chr16	60000000	61000000	735
chr16	61000000	62000000	594
chr16	62000000	63000000	690
chr16	63000000	64000000	479
chr16	64000000	65000000	949
chr16	65000000	66000000	1562
chr16	66000000	67000000	447
chr16	67000000	68000000	348
chr16	68000000	69000000	387
chr16	69000000	70000000	384
chr16	70000000	71000000	375
chr16	71000000	72000000	365
chr16	72000000	73000000	373
chr16	73000000	74000000	378
chr16	74000000	75000000	437
chr16	75000000	76000000	394
chr16	76000000	77000000	409
chr16	77000000	78000000	376
chr16	78000000	79000000	440
chr16	79000000	80000000	392
chr16	80000000	81000000	438
chr16	81000000	82000000	347
chr16	82000000	83000000	402
chr16	83000000	84000000	343
chr16	84000000	85000000	399
chr16	85000000	86000000	395
chr16	86000000	87000000	401
chr16	87000000	88000000	414
chr16	88000000	89000000	359
chr16	89000000	90000000	352
chr16	90000000	91000000	383
chr16	91000000	92000000	472
chr16	92000000	93000000	361
chr16	93000000	94000000	412
chr16	94000000	95000000	477
chr16	95000000	96000000	519
chr16	96000000	97000000	588
chr16	97000000	98000000	449
chr16	98000000	99000000	446
chr16	99000000	100000000	400
chr16	100000000	101000000	406
chr16	101000000	102000000	415
chr16	102000000	103000000	464
chr16	103000000	104000000	426
chr16	104000000	105000000	415
chr16	105000000	106000000	443
chr16	106000000	107000000	405
chr16	107000000	108000000	423
chr16	108000000	108014918	23
chr17	0	1000000	65
chr17	1000000	2000000	348
chr17	2000000	3000000	425
chr17	3000000	4000000	465
chr17	4000000	5000000	487
chr17	5000000	6000000	393
chr17	6000000	7000000	361
chr17	7000000	8000000	431
chr17	8000000	9000000	566
chr17	9000000	10000000	576
chr17	10000000	11000000	443
chr17	11000000	12000000	451
chr17	12000000	13000000	429
chr17	13000000	14000000	413
chr17	14000000	15000000	467
chr17	15000000	16000000	494
chr17	16000000	17000000	502
chr17	17000000	18000000	516
chr17	18000000	19000000	324
chr17	19000000	20000000	392
chr17	20000000	21000000	308
chr17	21000000	22000000	327
chr17	22000000	23000000	265
chr17	23000000	24000000	548
chr17	24000000	25000000	393
chr17	25000000	26000000	492
chr17	26000000	27000000	451
chr17	27000000	28000000	504
chr17	28000000	29000000	431
chr17	29000000	30000000	474
chr17	30000000	31000000	366
chr17	31000000	32000000	353
chr17	32000000	33000000	446
chr17	33000000	34000000	487
chr17	34000000	35000000	390
chr17	35000000	36000000	370
chr17	36000000	37000000	343
chr17	37000000	38000000	384
chr17	38000000	39000000	108
chr17	39000000	40000000	0
chr17	40000000	41000000	2
chr17	41000000	42000000	6
chr17	42000000	43000000	0
chr17	43000000	44000000	3
chr17	44000000	45000000	19
chr17	45000000	46000000	315
chr17	46000000	47000000	322
chr17	47000000	48000000	379
chr17	48000000	49000000	346
chr17	49000000	50000000	423
chr17	50000000	51000000	388
chr17	51000000	52000000	360
chr17	52000000	53000000	369
chr17	53000000	54000000	360
chr17	54000000	55000000	381
chr17	55000000	56000000	361
chr17	56000000	57000000	290
chr17	57000000	58000000	532
chr17	58000000	59000000	641
chr17	59000000	60000000	386
chr17	60000000	61000000	418
chr17	61000000	62000000	336
chr17	62000000	63000000	346
chr17	63000000	64000000	430
chr17	64000000	65000000	355
chr17	65000000	66000000	329
chr17	66000000	67000000	448
chr17	67000000	68000000	466
chr17	68000000	69000000	502
chr17	69000000	70000000	490
chr17	70000000	71000000	367
chr17	71000000	72000000	354
chr17	72000000	73000000	511
chr17	73000000	74000000	448
chr17	74000000	75000000	353
chr17	75000000	76000000	513
chr17	76000000	77000000	359
chr17	77000000	78000000	357
chr17	78000000	79000000	359
chr17	79000000	80000000	363
chr17	80000000	81000000	413
chr17	81000000	82000000	423
chr17	82000000	83000000	354
chr17	83000000	84000000	395
chr17	84000000	85000000	318
chr17	85000000	86000000	372
chr17	86000000	87000000	356
chr17	87000000	88000000	368
chr17	88000000	89000000	400
chr17	89000000	90000000	324
chr17	90000000	91000000	313
chr17	91000000	92000000	525
chr17	92000000	93000000	347
chr17	93000000	94000000	397
chr17	94000000	95000000	354
chr17	95000000	96000000	340
chr17	96000000	97000000	418
chr17	97000000	98000000	414
chr17	98000000	99000000	370
chr17	99000000	100000000	455
chr17	100000000	101000000	386
chr17	101000000	102000000	481
chr17	102000000	103000000	328
chr17	103000000	104000000	80
chr17	104000000	104132507	0
chr18	0	1000000	332
chr18	1000000	2000000	411
chr18	2000000	3000000	271
chr18	3000000	4000000	556
chr18	4000000	5000000	470
chr18	5000000	6000000	500
chr18	6000000	7000000	449
chr18	7000000	8000000	578
chr18	8000000	9000000	644
chr18	9000000	10000000	332
chr18	10000000	11000000	400
chr18	11000000	12000000	490
chr18	12000000	13000000	485
chr18	13000000	14000000	523
chr18	14000000	15000000	634
chr18	15000000	16000000	482
chr18	16000000	17000000	471
chr18	17000000	18000000	539
chr18	18000000	19000000	695
chr18	19000000	20000000	647
chr18	20000000	21000000	591
chr18	21000000	22000000	579
chr18	22000000	23000000	317
chr18	23000000	24000000	311
chr18	24000000	25000000	416
chr18	25000000	26000000	398
chr18	26000000	27000000	426
chr18	27000000	28000000	499
chr18	28000000	29000000	446
chr18	29000000	30000000	548
chr18	30000000	31000000	416
chr18	31000000	32000000	446
chr18	32000000	33000000	380
chr18	33000000	34000000	318
chr18	34000000	35000000	208
chr18	35000000	36000000	160
chr18	36000000	37000000	289
chr18	37000000	38000000	411
chr18	38000000	39000000	407
chr18	39000000	40000000	417
chr18	40000000	41000000	371
chr18	41000000	42000000	316
chr18	42000000	43000000	318
chr18	43000000	44000000	476
chr18	44000000	45000000	444
chr18	45000000	46000000	338
chr18	46000000	47000000	373
chr18	47000000	48000000	404
chr18	48000000	49000000	370
chr18	49000000	50000000	368
chr18	50000000	51000000	399
chr18	51000000	52000000	450
chr18	52000000	53000000	395
chr18	53000000	54000000	440
chr18	54000000	55000000	464
chr18	55000000	56000000	368
chr18	56000000	57000000	454
chr18	57000000	58000000	479
chr18	58000000	59000000	392
chr18	59000000	60000000	335
chr18	60000000	61000000	347
chr18	61000000	62000000	347
chr18	62000000	63000000	381
chr18	63000000	64000000	446
chr18	64000000	65000000	390
chr18	65000000	66000000	336
chr18	66000000	67000000	360
chr18	67000000	68000000	359
chr18	68000000	69000000	470
chr18	69000000	70000000	333
chr18	70000000	71000000	414
chr18	71000000	72000000	349
chr18	72000000	73000000	354
chr18	73000000	74000000	340
chr18	74000000	75000000	372
chr18	75000000	76000000	324
chr18	76000000	77000000	361
chr18	77000000	78000000	363
chr18	78000000	79000000	405
chr18	79000000	80000000	334
chr18	80000000	81000000	315
chr18	81000000	82000000	413
chr18	82000000	83000000	398
chr18	83000000	84000000	258
chr18	84000000	85000000	480
chr18	85000000	86000000	350
chr18	86000000	87000000	351
chr18	87000000	88000000	355
chr18	88000000	89000000	330
chr18	89000000	90000000	271
chr18	90000000	91000000	375
chr18	91000000	92000000	370
chr18	92000000	93000000	356
chr18	93000000	94000000	439
chr18	94000000	95000000	449
chr18	95000000	96000000	276
chr18	96000000	97000000	374
chr18	97000000	98000000	274
chr18	98000000	99000000	372
chr18	99000000	100000000	313
chr18	100000000	100887928	324
chr19	0	1000000	488
chr19	1000000	2000000	371
chr19	2000000	3000000	382
chr19	3000000	4000000	436
chr19	4000000	5000000	394
chr19	5000000	6000000	386
chr19	6000000	7000000	372
chr19	7000000	8000000	451
chr19	8000000	9000000	448
chr19	9000000	10000000	743
chr19	10000000	11000000	509
chr19	11000000	12000000	444
chr19	12000000	13000000	533
chr19	13000000	14000000	536
chr19	14000000	15000000	602
chr19	15000000	16000000	583
chr19	16000000	17000000	705
chr19	17000000	18000000	525
chr19	18000000	19000000	769
chr19	19000000	20000000	682
chr19	20000000	21000000	819
chr19	21000000	22000000	427
chr19	22000000	23000000	541
chr19	23000000	24000000	640
chr19	24000000	25000000	938
chr19	25000000	26000000	354
chr19	26000000	27000000	479
chr19	27000000	28000000	731
chr19	28000000	29000000	537
chr19	29000000	30000000	432
chr19	30000000	31000000	457
chr19	31000000	32000000	472
chr19	32000000	33000000	579
chr19	33000000	34000000	517
chr19	34000000	35000000	470
chr19	35000000	36000000	674
chr19	36000000	37000000	497
chr19	37000000	38000000	447
chr19	38000000	39000000	439
chr19	39000000	40000000	395
chr19	40000000	41000000	380
chr19	41000000	42000000	486
chr19	42000000	43000000	377
chr19	43000000	44000000	365
chr19	44000000	45000000	530
chr19	45000000	46000000	485
chr19	46000000	47000000	751
chr19	47000000	48000000	496
chr19	48000000	49000000	760
chr19	49000000	50000000	538
chr19	50000000	51000000	382
chr19	51000000	52000000	376
chr19	52000000	53000000	393
chr19	53000000	54000000	496
chr19	54000000	55000000	549
chr19	55000000	56000000	614
chr19	56000000	57000000	443
chr19	57000000	58000000	478
chr19	58000000	59000000	337
chr19	59000000	60000000	336
chr19	60000000	61000000	362
chr19	61000000	62000000	344
chr19	62000000	63000000	494
chr19	63000000	64000000	502
chr19	64000000	65000000	596
chr19	65000000	66000000	355
chr19	66000000	67000000	405
chr19	67000000	68000000	447
chr19	68000000	69000000	370
chr19	69000000	70000000	478
chr19	70000000	71000000	379
chr19	71000000	72000000	379
chr19	72000000	73000000	347
chr19	73000000	74000000	491
chr19	74000000	75000000	421
chr19	75000000	76000000	416
chr19	76000000	77000000	413
chr19	77000000	78000000	403
chr19	78000000	79000000	507
chr19	79000000	80000000	393
chr19	80000000	81000000	373
chr19	81000000	82000000	397
chr19	82000000	83000000	471
chr19	83000000	84000000	635
chr19	84000000	85000000	456
chr19	85000000	86000000	316
chr19	86000000	87000000	350
chr19	87000000	88000000	364
chr19	88000000	89000000	414
chr19	89000000	90000000	431
chr19	90000000	91000000	313
chr19	91000000	92000000	380
chr19	92000000	93000000	373
chr19	93000000	94000000	382
chr19	94000000	95000000	359
chr19	95000000	96000000	445
chr19	96000000	97000000	334
chr19	97000000	98000000	612
chr19	98000000	98826952	743
chr20	0	1000000	451
chr20	1000000	2000000	586
chr20	2000000	3000000	449
chr20	3000000	4000000	442
chr20	4000000	5000000	470
chr20	5000000	6000000	498
chr20	6000000	7000000	560
chr20	7000000	8000000	589
chr20	8000000	9000000	565
chr20	9000000	10000000	638
chr20	10000000	11000000	417
chr20	11000000	12000000	84
chr20	12000000	13000000	559
chr20	13000000	14000000	470
chr20	14000000	15000000	478
chr20	15000000	16000000	459
chr20	16000000	17000000	394
chr20	17000000	18000000	663
chr20	18000000	19000000	560
chr20	19000000	20000000	451
chr20	20000000	21000000	429
chr20	21000000	22000000	467
chr20	22000000	23000000	325
chr20	23000000	24000000	267
chr20	24000000	25000000	419
chr20	25000000	26000000	556
chr20	26000000	27000000	481
chr20	27000000	28000000	593
chr20	28000000	29000000	394
chr20	29000000	30000000	469
chr20	30000000	31000000	374
chr20	31000000	32000000	397
chr20	32000000	33000000	508
chr20	33000000	34000000	537
chr20	34000000	35000000	597
chr20	35000000	36000000	380
chr20	36000000	37000000	501
chr20	37000000	38000000	541
chr20	38000000	39000000	581
chr20	39000000	40000000	478
chr20	40000000	41000000	371
chr20	41000000	42000000	440
chr20	42000000	43000000	400
chr20	43000000	44000000	462
chr20	44000000	45000000	337
chr20	45000000	46000000	381
chr20	46000000	47000000	536
chr20	47000000	48000000	311
chr20	48000000	49000000	376
chr20	49000000	50000000	377
chr20	50000000	51000000	381
chr20	51000000	52000000	510
chr20	52000000	53000000	371
chr20	53000000	54000000	310
chr20	54000000	55000000	989
chr20	55000000	56000000	354
chr20	56000000	57000000	286
chr20	57000000	58000000	275
chr20	58000000	59000000	461
chr20	59000000	60000000	534
chr20	60000000	61000000	606
chr20	61000000	62000000	660
chr20	62000000	63000000	510
chr20	63000000	64000000	646
chr20	64000000	65000000	536
chr20	65000000	66000000	489
chr20	66000000	67000000	448
chr20	67000000	68000000	389
chr20	68000000	69000000	403
chr20	69000000	70000000	361
chr20	70000000	71000000	360
chr20	71000000	72000000	587
chr20	72000000	73000000	549
chr20	73000000	74000000	335
chr20	74000000	75000000	463
chr20	75000000	76000000	612
chr20	76000000	77000000	440
chr20	77000000	78000000	620
chr20	78000000	79000000	486
chr20	79000000	80000000	598
chr20	80000000	81000000	566
chr20	81000000	82000000	533
chr20	82000000	83000000	447
chr20	83000000	84000000	467
chr20	84000000	85000000	375
chr20	85000000	86000000	336
chr20	86000000	87000000	434
chr20	87000000	88000000	318
chr20	88000000	89000000	397
chr20	89000000	90000000	370
chr20	90000000	91000000	392
chr20	91000000	92000000	539
chr20	92000000	92156512	115
chr21	0	1000000	443
chr21	1000000	2000000	472
chr21	2000000	3000000	430
chr21	3000000	4000000	273
chr21	4000000	5000000	374
chr21	5000000	6000000	376
chr21	6000000	7000000	424
chr21	7000000	8000000	506
chr21	8000000	9000000	437
chr21	9000000	10000000	504
chr21	10000000	11000000	643
chr21	11000000	12000000	425
chr21	12000000	13000000	376
chr21	13000000	14000000	393
chr21	14000000	15000000	473
chr21	15000000	16000000	450
chr21	16000000	17000000	369
chr21	17000000	18000000	415
chr21	18000000	19000000	425
chr21	19000000	20000000	368
chr21	20000000	21000000	391
chr21	21000000	22000000	386
chr21	22000000	23000000	494
chr21	23000000	24000000	459
chr21	24000000	25000000	291
chr21	25000000	26000000	443
chr21	26000000	27000000	502
chr21	27000000	28000000	438
chr21	28000000	29000000	403
chr21	29000000	30000000	409
chr21	30000000	31000000	394
chr21	31000000	32000000	323
chr21	32000000	33000000	348
chr21	33000000	34000000	386
chr21	34000000	35000000	503
chr21	35000000	36000000	346
chr21	36000000	37000000	376
chr21	37000000	38000000	401
chr21	38000000	39000000	319
chr21	39000000	40000000	441
chr21	40000000	41000000	366
chr21	41000000	42000000	445
chr21	42000000	43000000	372
chr21	43000000	44000000	476
chr21	44000000	45000000	415
chr21	45000000	46000000	391
chr21	46000000	47000000	376
chr21	47000000	48000000	505
chr21	48000000	49000000	385
chr21	49000000	50000000	405
chr21	50000000	51000000	357
chr21	51000000	52000000	380
chr21	52000000	53000000	290
chr21	53000000	54000000	380
chr21	54000000	55000000	406
chr21	55000000	56000000	574
chr21	56000000	57000000	493
chr21	57000000	58000000	439
chr21	58000000	59000000	319
chr21	59000000	60000000	372
chr21	60000000	61000000	355
chr21	61000000	62000000	333
chr21	62000000	63000000	357
chr21	63000000	64000000	387
chr21	64000000	65000000	421
chr21	65000000	66000000	377
chr21	66000000	67000000	360
chr21	67000000	68000000	356
chr21	68000000	69000000	371
chr21	69000000	70000000	414
chr21	70000000	71000000	342
chr21	71000000	72000000	380
chr21	72000000	73000000	386
chr21	73000000	74000000	379
chr21	74000000	75000000	334
chr21	75000000	76000000	347
chr21	76000000	77000000	443
chr21	77000000	78000000	380
chr21	78000000	79000000	379
chr21	79000000	80000000	418
chr21	80000000	81000000	462
chr21	81000000	82000000	434
chr21	82000000	83000000	424
chr21	83000000	84000000	434
chr21	84000000	85000000	452
chr21	85000000	86000000	396
chr21	86000000	87000000	407
chr21	87000000	88000000	400
chr21	88000000	89000000	466
chr21	89000000	90000000	441
chr21	90000000	91000000	422
chr21	91000000	91132750	33
chr22	0	1000000	493
chr22	1000000	2000000	414
chr22	2000000	3000000	385
chr22	3000000	4000000	370
chr22	4000000	5000000	398
chr22	5000000	6000000	371
chr22	6000000	7000000	318
chr22	7000000	8000000	346
chr22	8000000	9000000	363
chr22	9000000	10000000	417
chr22	10000000	11000000	427
chr22	11000000	12000000	398
chr22	12000000	13000000	303
chr22	13000000	14000000	574
chr22	14000000	15000000	405
chr22	15000000	16000000	552
chr22	16000000	17000000	400
chr22	17000000	18000000	428
chr22	18000000	19000000	459
chr22	19000000	20000000	446
chr22	20000000	21000000	482
chr22	21000000	22000000	404
chr22	22000000	23000000	473
chr22	23000000	24000000	458
chr22	24000000	25000000	382
chr22	25000000	26000000	381
chr22	26000000	27000000	457
chr22	27000000	28000000	431
chr22	28000000	29000000	463
chr22	29000000	30000000	438
chr22	30000000	31000000	595
chr22	31000000	32000000	470
chr22	32000000	33000000	387
chr22	33000000	34000000	357
chr22	34000000	35000000	401
chr22	35000000	36000000	425
chr22	36000000	37000000	556
chr22	37000000	38000000	468
chr22	38000000	39000000	502
chr22	39000000	40000000	708
chr22	40000000	41000000	553
chr22	41000000	42000000	325
chr22	42000000	43000000	432
chr22	43000000	44000000	381
chr22	44000000	45000000	310
chr22	45000000	46000000	221
chr22	46000000	47000000	224
chr22	47000000	48000000	288
chr22	48000000	49000000	309
chr22	49000000	50000000	368
chr22	50000000	51000000	410
chr22	51000000	52000000	718
chr22	52000000	53000000	619
chr22	53000000	54000000	597
chr22	54000000	55000000	472
chr22	55000000	56000000	498
chr22	56000000	57000000	727
chr22	57000000	58000000	586
chr22	58000000	59000000	630
chr22	59000000	60000000	272
chr22	60000000	61000000	430
chr22	61000000	62000000	382
chr22	62000000	63000000	410
chr22	63000000	64000000	488
chr22	64000000	65000000	642
chr22	65000000	66000000	527
chr22	66000000	67000000	533
chr22	67000000	68000000	389
chr22	68000000	69000000	376
chr22	69000000	70000000	419
chr22	70000000	71000000	455
chr22	71000000	72000000	528
chr22	72000000	73000000	558
chr22	73000000	74000000	389
chr22	74000000	75000000	485
chr22	75000000	76000000	467
chr22	76000000	77000000	551
chr22	77000000	78000000	447
chr22	78000000	79000000	366
chr22	79000000	80000000	514
chr22	80000000	81000000	493
chr22	81000000	82000000	312
chr22	82000000	83000000	273
chr22	83000000	84000000	488
chr22	84000000	85000000	269
chr22	85000000	85069428	5
chr23	0	1000000	351
chr23	1000000	2000000	426
chr23	2000000	3000000	461
chr23	3000000	4000000	374
chr23	4000000	5000000	342
chr23	5000000	6000000	446
chr23	6000000	7000000	413
chr23	7000000	8000000	361
chr23	8000000	9000000	366
chr23	9000000	10000000	458
chr23	10000000	11000000	323
chr23	11000000	12000000	363
chr23	12000000	13000000	338
chr23	13000000	14000000	412
chr23	14000000	15000000	351
chr23	15000000	16000000	385
chr23	16000000	17000000	386
chr23	17000000	18000000	388
chr23	18000000	19000000	642
chr23	19000000	20000000	381
chr23	20000000	21000000	400
chr23	21000000	22000000	361
chr23	22000000	23000000	371
chr23	23000000	24000000	362
chr23	24000000	25000000	593
chr23	25000000	26000000	375
chr23	26000000	27000000	355
chr23	27000000	28000000	410
chr23	28000000	29000000	417
chr23	29000000	30000000	429
chr23	30000000	31000000	449
chr23	31000000	32000000	395
chr23	32000000	33000000	394
chr23	33000000	34000000	419
chr23	34000000	35000000	354
chr23	35000000	36000000	453
chr23	36000000	37000000	387
chr23	37000000	38000000	358
chr23	38000000	39000000	412
chr23	39000000	40000000	389
chr23	40000000	41000000	356
chr23	41000000	42000000	385
chr23	42000000	43000000	410
chr23	43000000	44000000	364
chr23	44000000	45000000	349
chr23	45000000	46000000	396
chr23	46000000	47000000	335
chr23	47000000	48000000	333
chr23	48000000	49000000	394
chr23	49000000	50000000	400
chr23	50000000	51000000	363
chr23	51000000	52000000	360
chr23	52000000	53000000	398
chr23	53000000	54000000	350
chr23	54000000	55000000	415
chr23	55000000	56000000	375
chr23	56000000	57000000	461
chr23	57000000	58000000	389
chr23	58000000	59000000	395
chr23	59000000	60000000	436
chr23	60000000	61000000	385
chr23	61000000	62000000	398
chr23	62000000	63000000	372
chr23	63000000	64000000	528
chr23	64000000	65000000	340
chr23	65000000	66000000	360
chr23	66000000	67000000	430
chr23	67000000	68000000	479
chr23	68000000	69000000	385
chr23	69000000	70000000	445
chr23	70000000	71000000	460
chr23	71000000	72000000	429
chr23	72000000	73000000	437
chr23	73000000	74000000	437
chr23	74000000	75000000	440
chr23	75000000	76000000	424
chr23	76000000	77000000	432
chr23	77000000	78000000	396
chr23	78000000	79000000	413
chr23	79000000	80000000	438
chr23	80000000	81000000	405
chr23	81000000	82000000	309
chr23	82000000	82517476	234
chr24	0	1000000	408
chr24	1000000	2000000	386
chr24	2000000	3000000	331
chr24	3000000	4000000	491
chr24	4000000	5000000	374
chr24	5000000	6000000	360
chr24	6000000	7000000	424
chr24	7000000	8000000	431
chr24	8000000	9000000	388
chr24	9000000	10000000	387
chr24	10000000	11000000	324
chr24	11000000	12000000	308
chr24	12000000	13000000	423
chr24	13000000	14000000	438
chr24	14000000	15000000	498
chr24	15000000	16000000	392
chr24	16000000	17000000	236
chr24	17000000	18000000	490
chr24	18000000	19000000	374
chr24	19000000	20000000	432
chr24	20000000	21000000	369
chr24	21000000	22000000	445
chr24	22000000	23000000	569
chr24	23000000	24000000	489
chr24	24000000	25000000	450
chr24	25000000	26000000	344
chr24	26000000	27000000	421
chr24	27000000	28000000	389
chr24	28000000	29000000	293
chr24	29000000	30000000	300
chr24	30000000	31000000	377
chr24	31000000	32000000	326
chr24	32000000	33000000	488
chr24	33000000	34000000	669
chr24	34000000	35000000	456
chr24	35000000	36000000	395
chr24	36000000	37000000	426
chr24	37000000	38000000	343
chr24	38000000	39000000	418
chr24	39000000	40000000	401
chr24	40000000	41000000	469
chr24	41000000	42000000	415
chr24	42000000	43000000	523
chr24	43000000	44000000	309
chr24	44000000	45000000	414
chr24	45000000	46000000	369
chr24	46000000	47000000	405
chr24	47000000	48000000	378
chr24	48000000	49000000	425
chr24	49000000	50000000	431
chr24	50000000	51000000	346
chr24	51000000	52000000	0
chr24	52000000	53000000	3
chr24	53000000	54000000	0
chr24	54000000	55000000	0
chr24	55000000	56000000	301
chr24	56000000	57000000	387
chr24	57000000	58000000	361
chr24	58000000	59000000	373
chr24	59000000	60000000	406
chr24	60000000	61000000	315
chr24	61000000	62000000	355
chr24	62000000	63000000	570
chr24	63000000	64000000	118
chr24	64000000	64753882	0
chr25	0	1000000	226
chr25	1000000	2000000	2335
chr25	2000000	3000000	2636
chr25	3000000	4000000	2419
chr25	4000000	5000000	541
chr25	5000000	6000000	517
chr25	6000000	7000000	493
chr25	7000000	8000000	347
chr25	8000000	9000000	357
chr25	9000000	10000000	401
chr25	10000000	11000000	381
chr25	11000000	12000000	451
chr25	12000000	13000000	382
chr25	13000000	14000000	388
chr25	14000000	15000000	350
chr25	15000000	16000000	378
chr25	16000000	17000000	462
chr25	17000000	18000000	370
chr25	18000000	19000000	368
chr25	19000000	20000000	402
chr25	20000000	21000000	399
chr25	21000000	22000000	409
chr25	22000000	23000000	314
chr25	23000000	24000000	370
chr25	24000000	25000000	404
chr25	25000000	26000000	368
chr25	26000000	27000000	433
chr25	27000000	28000000	386
chr25	28000000	29000000	385
chr25	29000000	30000000	452
chr25	30000000	31000000	410
chr25	31000000	32000000	353
chr25	32000000	33000000	402
chr25	33000000	34000000	364
chr25	34000000	35000000	387
chr25	35000000	36000000	406
chr25	36000000	37000000	570
chr25	37000000	38000000	362
chr25	38000000	39000000	392
chr25	39000000	40000000	511
chr25	40000000	41000000	522
chr25	41000000	42000000	579
chr25	42000000	43000000	389
chr25	43000000	44000000	349
chr25	44000000	45000000	375
chr25	45000000	46000000	525
chr25	46000000	47000000	428
chr25	47000000	48000000	276
chr25	48000000	49000000	167
chr25	49000000	50000000	126
chr25	50000000	51000000	74
chr25	51000000	52000000	41
chr25	52000000	53000000	253
chr25	53000000	54000000	542
chr25	54000000	55000000	22
chr25	55000000	56000000	48
chr25	56000000	57000000	78
chr25	57000000	58000000	148
chr25	58000000	59000000	175
chr25	59000000	60000000	350
chr25	60000000	60231632	204
chr26	0	1000000	557
chr26	1000000	2000000	416
chr26	2000000	3000000	423
chr26	3000000	4000000	536
chr26	4000000	5000000	371
chr26	5000000	6000000	377
chr26	6000000	7000000	341
chr26	7000000	8000000	385
chr26	8000000	9000000	371
chr26	9000000	10000000	403
chr26	10000000	11000000	339
chr26	11000000	12000000	382
chr26	12000000	13000000	325
chr26	13000000	14000000	395
chr26	14000000	15000000	361
chr26	15000000	16000000	426
chr26	16000000	17000000	380
chr26	17000000	18000000	382
chr26	18000000	19000000	479
chr26	19000000	20000000	448
chr26	20000000	21000000	381
chr26	21000000	22000000	351
chr26	22000000	23000000	325
chr26	23000000	24000000	255
chr26	24000000	25000000	311
chr26	25000000	26000000	303
chr26	26000000	27000000	521
chr26	27000000	28000000	508
chr26	28000000	29000000	537
chr26	29000000	30000000	468
chr26	30000000	31000000	353
chr26	31000000	32000000	375
chr26	32000000	33000000	296
chr26	33000000	34000000	428
chr26	34000000	35000000	307
chr26	35000000	36000000	405
chr26	36000000	37000000	518
chr26	37000000	38000000	569
chr26	38000000	39000000	583
chr26	39000000	40000000	576
chr26	40000000	41000000	610
chr26	41000000	42000000	530
chr26	42000000	43000000	477
chr26	43000000	44000000	372
chr26	44000000	45000000	443
chr26	45000000	46000000	513
chr26	46000000	47000000	439
chr26	47000000	48000000	404
chr26	48000000	49000000	487
chr26	49000000	50000000	417
chr26	50000000	51000000	444
chr26	51000000	52000000	361
chr26	52000000	53000000	392
chr26	53000000	53369913	225
chr27	0	1000000	622
chr27	1000000	2000000	571
chr27	2000000	3000000	523
chr27	3000000	4000000	416
chr27	4000000	5000000	390
chr27	5000000	6000000	478
chr27	6000000	7000000	385
chr27	7000000	8000000	546
chr27	8000000	9000000	419
chr27	9000000	10000000	438
chr27	10000000	11000000	597
chr27	11000000	12000000	527
chr27	12000000	13000000	369
chr27	13000000	14000000	386
chr27	14000000	15000000	516
chr27	15000000	16000000	628
chr27	16000000	17000000	513
chr27	17000000	18000000	339
chr27	18000000	19000000	419
chr27	19000000	20000000	428
chr27	20000000	21000000	521
chr27	21000000	22000000	429
chr27	22000000	23000000	469
chr27	23000000	24000000	559
chr27	24000000	25000000	512
chr27	25000000	26000000	333
chr27	26000000	27000000	399
chr27	27000000	28000000	327
chr27	28000000	29000000	474
chr27	29000000	30000000	390
chr27	30000000	31000000	443
chr27	31000000	32000000	462
chr27	32000000	33000000	455
chr27	33000000	34000000	388
chr27	34000000	35000000	464
chr27	35000000	36000000	449
chr27	36000000	37000000	492
chr27	37000000	38000000	489
chr27	38000000	39000000	395
chr27	39000000	40000000	437
chr27	40000000	41000000	429
chr27	41000000	42000000	412
chr27	42000000	43000000	402
chr27	43000000	44000000	383
chr27	44000000	45000000	448
chr27	45000000	46000000	444
chr27	46000000	47000000	431
chr27	47000000	48000000	380
chr27	48000000	49000000	359
chr27	49000000	50000000	165
chr27	50000000	51000000	436
chr27	51000000	52000000	547
chr27	52000000	53000000	375
chr27	53000000	53342293	181
chr28	0	1000000	451
chr28	1000000	2000000	535
chr28	2000000	3000000	409
chr28	3000000	4000000	424
chr28	4000000	5000000	535
chr28	5000000	6000000	334
chr28	6000000	7000000	356
chr28	7000000	8000000	451
chr28	8000000	9000000	378
chr28	9000000	10000000	393
chr28	10000000	11000000	437
chr28	11000000	12000000	311
chr28	12000000	13000000	358
chr28	13000000	14000000	270
chr28	14000000	15000000	401
chr28	15000000	16000000	359
chr28	16000000	17000000	369
chr28	17000000	18000000	408
chr28	18000000	19000000	495
chr28	19000000	20000000	323
chr28	20000000	21000000	374
chr28	21000000	22000000	455
chr28	22000000	23000000	350
chr28	23000000	24000000	354
chr28	24000000	25000000	502
chr28	25000000	26000000	355
chr28	26000000	27000000	337
chr28	27000000	28000000	370
chr28	28000000	29000000	335
chr28	29000000	30000000	424
chr28	30000000	31000000	389
chr28	31000000	32000000	393
chr28	32000000	33000000	319
chr28	33000000	34000000	379
chr28	34000000	35000000	464
chr28	35000000	36000000	368
chr28	36000000	37000000	465
chr28	37000000	38000000	371
chr28	38000000	39000000	363
chr28	39000000	40000000	385
chr28	40000000	41000000	328
chr28	41000000	42000000	479
chr28	42000000	43000000	640
chr28	43000000	44000000	494
chr28	44000000	44663988	357
chrX	0	1000000	260
chrX	1000000	2000000	342
chrX	2000000	3000000	364
chrX	3000000	4000000	298
chrX	4000000	5000000	323
chrX	5000000	6000000	248
chrX	6000000	7000000	274
chrX	7000000	8000000	279
chrX	8000000	9000000	295
chrX	9000000	10000000	299
chrX	10000000	11000000	298
chrX	11000000	12000000	402
chrX	12000000	13000000	246
chrX	13000000	14000000	264
chrX	14000000	15000000	248
chrX	15000000	16000000	329
chrX	16000000	17000000	359
chrX	17000000	18000000	342
chrX	18000000	19000000	325
chrX	19000000	20000000	336
chrX	20000000	21000000	325
chrX	21000000	22000000	311
chrX	22000000	23000000	296
chrX	23000000	24000000	289
chrX	24000000	25000000	339
chrX	25000000	26000000	338
chrX	26000000	27000000	325
chrX	27000000	28000000	346
chrX	28000000	29000000	338
chrX	29000000	30000000	294
chrX	30000000	31000000	388
chrX	31000000	32000000	322
chrX	32000000	33000000	291
chrX	33000000	34000000	273
chrX	34000000	35000000	216
chrX	35000000	36000000	274
chrX	36000000	37000000	413
chrX	37000000	38000000	262
chrX	38000000	39000000	295
chrX	39000000	40000000	328
chrX	40000000	41000000	310
chrX	41000000	42000000	304
chrX	42000000	43000000	307
chrX	43000000	44000000	350
chrX	44000000	45000000	284
chrX	45000000	46000000	386
chrX	46000000	47000000	294
chrX	47000000	48000000	288
chrX	48000000	49000000	323
chrX	49000000	50000000	315
chrX	50000000	51000000	318
chrX	51000000	52000000	253
chrX	52000000	53000000	473
chrX	53000000	54000000	356
chrX	54000000	55000000	287
chrX	55000000	56000000	239
chrX	56000000	57000000	370
chrX	57000000	58000000	740
chrX	58000000	59000000	348
chrX	59000000	60000000	267
chrX	60000000	61000000	262
chrX	61000000	62000000	269
chrX	62000000	63000000	272
chrX	63000000	64000000	341
chrX	64000000	65000000	338
chrX	65000000	66000000	307
chrX	66000000	67000000	324
chrX	67000000	68000000	283
chrX	68000000	69000000	332
chrX	69000000	70000000	289
chrX	70000000	71000000	314
chrX	71000000	72000000	295
chrX	72000000	73000000	318
chrX	73000000	74000000	320
chrX	74000000	75000000	311
chrX	75000000	76000000	301
chrX	76000000	77000000	323
chrX	77000000	78000000	395
chrX	78000000	79000000	319
chrX	79000000	80000000	330
chrX	80000000	81000000	298
chrX	81000000	82000000	316
chrX	82000000	83000000	251
chrX	83000000	84000000	299
chrX	84000000	85000000	268
chrX	85000000	86000000	259
chrX	86000000	87000000	307
chrX	87000000	88000000	282
chrX	88000000	89000000	310
chrX	89000000	90000000	327
chrX	90000000	91000000	233
chrX	91000000	92000000	251
chrX	92000000	93000000	332
chrX	93000000	94000000	271
chrX	94000000	95000000	251
chrX	95000000	96000000	284
chrX	96000000	97000000	278
chrX	97000000	98000000	204
chrX	98000000	99000000	328
chrX	99000000	100000000	392
chrX	100000000	101000000	479
chrX	101000000	102000000	353
chrX	102000000	103000000	232
chrX	103000000	104000000	243
chrX	104000000	105000000	264
chrX	105000000	106000000	335
chrX	106000000	107000000	680
chrX	107000000	108000000	323
chrX	108000000	109000000	657
chrX	109000000	110000000	342
chrX	110000000	111000000	295
chrX	111000000	112000000	522
chrX	112000000	113000000	386
chrX	113000000	114000000	307
chrX	114000000	115000000	271
chrX	115000000	116000000	286
chrX	116000000	117000000	312
chrX	117000000	118000000	328
chrX	118000000	119000000	270
chrX	119000000	120000000	2947
chrX	120000000	121000000	2633
chrX	121000000	122000000	2
chrX	122000000	123000000	25
chrX	123000000	124000000	30
chrX	124000000	125000000	1254
chrX	125000000	126000000	3191
chrX	126000000	127000000	255
chrX	127000000	128000000	367
chrX	128000000	129000000	260
chrX	129000000	130000000	424
chrX	130000000	131000000	264
chrX	131000000	132000000	237
chrX	132000000	133000000	341
chrX	133000000	134000000	450
chrX	134000000	135000000	440
chrX	135000000	136000000	368
chrX	136000000	137000000	375
chrX	137000000	138000000	281
chrX	138000000	139000000	251
chrX	139000000	140000000	396
chrX	140000000	141000000	627
chrX	141000000	142000000	430
chrX	142000000	143000000	260
chrX	143000000	144000000	282
chrX	144000000	145000000	382
chrX	145000000	146000000	445
chrX	146000000	147000000	419
chrX	147000000	148000000	281
chrX	148000000	149000000	296
chrX	149000000	150000000	294
chrX	150000000	151000000	228
chrX	151000000	152000000	275
chrX	152000000	153000000	319
chrX	153000000	154000000	252
chrX	154000000	155000000	295
chrX	155000000	156000000	294
chrX	156000000	157000000	264
chrX	157000000	158000000	348
chrX	158000000	159000000	386
chrX	159000000	160000000	308
chrX	160000000	161000000	332
chrX	161000000	162000000	335
chrX	162000000	163000000	331
chrX	163000000	164000000	314
chrX	164000000	165000000	313
chrX	165000000	166000000	383
chrX	166000000	167000000	347
chrX	167000000	168000000	364
chrX	168000000	169000000	247
chrX	169000000	170000000	342
chrX	170000000	171000000	448
chrX	171000000	172000000	248
chrX	172000000	173000000	311
chrX	173000000	174000000	324
chrX	174000000	175000000	289
chrX	175000000	176000000	300
chrX	176000000	177000000	267
chrX	177000000	178000000	410
chrX	178000000	179000000	300
chrX	179000000	180000000	355
chrX	180000000	181000000	369
chrX	181000000	182000000	306
chrX	182000000	183000000	316
chrX	183000000	184000000	367
chrX	184000000	185000000	353
chrX	185000000	186000000	326
chrX	186000000	187000000	310
chrX	187000000	188000000	332
chrX	188000000	189000000	349
chrX	189000000	190000000	274
chrX	190000000	191000000	922
chrX	191000000	192000000	641
chrX	192000000	193000000	727
chrX	193000000	194000000	906
chrX	194000000	195000000	1066
chrX	195000000	196000000	993
chrX	196000000	197000000	1440
chrX	197000000	197914338	639
chrY	0	1000000	0
chrY	1000000	2000000	0
chrY	2000000	3000000	0
chrY	3000000	4000000	0
chrY	4000000	5000000	0
chrY	5000000	6000000	0
chrY	6000000	7000000	0
chrY	7000000	8000000	0
chrY	8000000	9000000	0
chrY	9000000	10000000	0
chrY	10000000	11000000	0
chrY	11000000	12000000	0
chrY	12000000	13000000	0
chrY	13000000	14000000	0
chrY	14000000	15000000	0
chrY	15000000	16000000	0
chrY	16000000	17000000	0
chrY	17000000	18000000	0
chrY	18000000	19000000	0
chrY	19000000	20000000	0
chrY	20000000	21000000	0
chrY	21000000	22000000	0
chrY	22000000	23000000	0
chrY	23000000	24000000	0
chrY	24000000	25000000	0
chrY	25000000	26000000	0
chrY	26000000	27000000	0
chrY	27000000	28000000	0
chrY	28000000	29000000	0
chrY	29000000	30000000	0
chrY	30000000	31000000	0
chrY	31000000	32000000	0
chrY	32000000	33000000	0
chrY	33000000	34000000	0
chrY	34000000	35000000	0
chrY	35000000	36000000	0
chrY	36000000	37000000	0
chrY	37000000	38000000	0
chrY	38000000	39000000	0
chrY	39000000	40000000	0
chrY	40000000	41000000	0
chrY	41000000	42000000	0
chrY	42000000	43000000	0
chrY	43000000	44000000	0
chrY	44000000	45000000	0
chrY	45000000	46000000	0
chrY	46000000	47000000	0
chrY	47000000	48000000	0
chrY	48000000	49000000	0
chrY	49000000	50000000	0
chrY	50000000	51000000	0
chrY	51000000	52000000	0
chrY	52000000	53000000	0
chrY	53000000	54000000	0
chrY	54000000	55000000	0
chrY	55000000	56000000	0
chrY	56000000	57000000	0
chrY	57000000	58000000	0
chrY	58000000	59000000	0
chrY	59000000	60000000	0
chrY	60000000	61000000	0
chrY	61000000	62000000	0
chrY	62000000	63000000	0
chrY	63000000	64000000	0
chrY	64000000	65000000	0
chrY	65000000	66000000	0
chrY	66000000	67000000	0
chrY	67000000	68000000	0
chrY	68000000	69000000	0
chrY	69000000	70000000	0
chrY	70000000	71000000	0
chrY	71000000	72000000	0
chrY	72000000	73000000	0
chrY	73000000	74000000	0
chrY	74000000	75000000	0
chrY	75000000	76000000	0
chrY	76000000	77000000	0
chrY	77000000	78000000	0
chrY	78000000	79000000	0
chrY	79000000	80000000	0
chrY	80000000	81000000	0
chrY	81000000	82000000	0
chrY	82000000	83000000	0
chrY	83000000	84000000	0
chrY	84000000	85000000	0
chrY	85000000	86000000	0
chrY	86000000	86258267	0
