family	has_parent	total_paralogs	paralogs_detected	supported	robust expression	parent correlated	low expression	unsupported	parent_mean_TPM	mean_paralog_TPM	paralog_parent_TPM_ratio	paralogs_parent correlated	parent_n_tissues
Aadac	True	3	3	1	0	1	1	0	222.4387	38.1875	0.5150	1	6
Aadacl4	True	3	3	1	0	0	2	0	1.9051	8.2065	12.9230	2	4
Aasdhppt	True	1	1	0	0	1	0	0	112.5341	275.8859	2.4516	1	6
Abca3	True	1	1	1	0	0	0	0	135.5875	6.8411	0.0505	0	6
Abcb1	True	1	1	1	0	0	0	0	14.0414	13.3971	0.9541	0	6
Abcg2	True	2	2	2	0	0	0	0	22.6614	23.1031	2.0390	0	6
Abraxas2	True	1	1	1	0	0	0	0	22.7096	72.0812	3.1740	0	6
Acad9	True	1	1	1	0	0	0	0	77.7630	132.5121	1.7041	0	6
Acbd5	True	1	1	0	0	1	0	0	55.8447	240.3438	4.3038	1	6
Accsl	True	2	2	0	0	0	2	0	0.0548	0.1322	4.8206	0	2
Aco1	True	1	1	0	0	1	0	0	155.8644	1550.1553	9.9455	1	6
Acot13	True	3	3	0	0	3	0	0	226.6910	409.4083	5.4181	3	6
Acot2	True	1	1	1	0	0	0	0	253.7222	364.8440	1.4380	0	6
Acp1	True	1	1	1	0	0	0	0	119.2434	10.0057	0.0839	0	6
Acsbg2	True	1	1	1	0	0	0	0	1.1656	2.2546	1.9344	0	6
Actb	True	2	2	0	0	1	1	0	13085.2469	947.4162	0.1448	1	6
Adam1a	True	1	1	1	0	0	0	0	16.5032	3.5015	0.2122	0	6
Adam20	True	3	3	0	0	0	3	0	0.4822	0.8469	5.2695	0	2
Adh5	True	1	1	0	0	1	0	0	197.1578	3481.0433	17.6561	1	6
Adh7	True	1	1	0	0	0	1	0	12.0802	0.4232	0.0350	0	6
Adrm1	True	1	1	1	0	0	0	0	126.0797	652.8214	5.1778	0	6
Aff1	True	1	1	0	0	1	0	0	129.0167	1.2500	0.0097	1	6
Ahsa1	True	1	1	0	0	1	0	0	241.4937	260.1682	1.0773	1	6
Aif1l	True	1	1	1	0	0	0	0	40.4243	1172.1908	28.9972	0	6
Ak6	True	1	1	1	0	0	0	0	24.7770	183.6926	7.4138	0	6
Akirin1	True	1	1	0	0	1	0	0	96.4878	18.1970	0.1886	1	6
Akr1a1	True	1	1	0	0	1	0	0	108.3441	3515.5140	32.4477	1	6
Akr1b1	True	3	3	0	0	3	0	0	18.0991	126.7662	21.0120	3	6
Akr1b8	True	4	4	1	0	3	0	0	11.4273	32.3615	11.3278	3	6
Aldh1a1	True	1	1	0	0	1	0	0	273.9424	194.9611	0.7117	1	6
Alox12e	True	1	1	0	0	0	1	0	3.5291	0.6301	0.1785	0	4
Alpi	True	1	1	1	0	0	0	0	0.3546	14.6303	41.2574	0	6
Alyref	True	2	2	1	0	1	0	0	47.9893	141.8718	5.9126	1	6
Amd1	True	4	3	0	0	1	2	1	118.0468	19.1765	0.6498	1	6
Amy1	True	1	1	0	0	1	0	0	12.3526	243.8646	19.7420	1	6
Anapc10	True	1	1	1	0	0	0	0	8.4404	150.1340	17.7876	0	6
Anapc16	True	1	1	1	0	0	0	0	67.6796	17.3365	0.2562	0	6
Angpt4	True	2	2	1	0	0	1	0	1.6404	1.1739	1.4312	0	6
Anp32b	True	1	1	1	0	0	0	0	46.2498	373.9378	8.0852	0	6
Antxrl	True	1	1	0	0	0	1	0	0.0820	0.2567	3.1300	0	5
Anxa1	True	1	1	0	0	1	0	0	647.5556	379.5439	0.5861	1	6
Ap1ar	True	1	1	0	0	1	0	0	40.1441	38.8173	0.9669	1	6
Ap2b1	True	1	1	0	0	1	0	0	20.5158	225.0586	10.9700	1	6
Ap3s1	True	2	2	1	0	1	0	0	17.4379	37.3270	4.2811	1	6
Apol3	True	6	6	4	0	0	2	0	0.6361	26.9692	254.3845	1	6
Apol6	True	1	1	1	0	0	0	0	0.5702	124.7413	218.7740	0	6
Apool	True	1	1	1	0	0	0	0	9.9341	2.3006	0.2316	0	6
Arf4	True	1	1	0	0	1	0	0	70.6960	91.7292	1.2975	1	6
Arhgdia	True	1	1	0	0	1	0	0	741.1526	720.4260	0.9720	1	6
Arl1	True	1	1	0	0	1	0	0	248.5736	294.9547	1.1866	1	6
Arl2	True	1	1	0	0	1	0	0	219.0790	82.4833	0.3765	1	6
Arl2bp	True	1	1	0	0	1	0	0	215.8920	280.1027	1.2974	1	6
Armc3	True	1	1	0	0	1	0	0	2.6739	8.6876	3.2490	1	6
Arpc1a	True	2	2	0	0	2	0	0	56.5098	419.3232	14.8407	2	6
Arpc1b	True	1	1	1	0	0	0	0	320.8794	3.7706	0.0118	0	6
Arpc3	True	1	1	0	0	1	0	0	74.6911	5682.2021	76.0760	1	6
Arpc5	True	5	4	0	0	2	2	1	241.7003	156.3779	3.2350	2	6
Arpp19	True	1	1	0	0	1	0	0	106.3238	196.1356	1.8447	1	6
Asns	True	1	1	1	0	0	0	0	101.6262	218.8622	2.1536	0	6
Asrgl1	True	1	1	1	0	0	0	0	432.4348	69.3392	0.1603	0	6
Ass1	True	3	3	0	0	3	0	0	29.3037	1278.5127	130.8894	3	6
Atf1	True	1	1	1	0	0	0	0	23.5432	142.1779	6.0390	0	6
Atg12	True	2	2	1	0	1	0	0	56.4599	101.7543	3.6045	1	6
Atg4d	True	1	1	1	0	0	0	0	103.5854	212.0702	2.0473	0	6
Atp1b3	True	1	1	0	0	1	0	0	69.2344	639.5011	9.2367	1	6
Atp5f1b	True	2	2	0	0	2	0	0	1113.4859	3008.8569	5.4044	2	6
Atp5f1c	True	1	1	1	0	0	0	0	81.1447	19.5221	0.2406	0	6
Atp5f1e	True	1	1	0	0	1	0	0	16667.7858	463.1000	0.0278	1	6
Atp5mc3	True	1	1	0	0	1	0	0	3526.7738	1903.4660	0.5397	1	6
Atp5me	True	2	2	1	0	1	0	0	363.8168	753.3070	4.1411	1	6
Atp5mf	True	4	3	2	0	0	1	1	132.8268	477.2592	14.3724	0	6
Atp5mk	True	4	4	0	0	4	0	0	4249.6315	1594.0722	1.5004	4	6
Atp5mpl	True	2	2	0	0	2	0	0	801.7077	163.3693	0.4076	2	6
Atp6v0d1	True	1	1	1	0	0	0	0	26.6744	1701.2851	63.7797	0	6
Atp6v1b2	True	1	1	0	0	1	0	0	158.3085	808.8768	5.1095	1	6
Atp6v1c1	True	1	1	0	0	1	0	0	149.9321	658.3113	4.3907	1	6
Atp6v1g1	True	2	2	0	2	0	0	0	0.0000	603.7584	inf	0	0
Atrn	True	1	1	1	0	0	0	0	32.3962	3.8235	0.1180	0	6
Atxn7l3b	True	2	2	0	2	0	0	0	0.0000	513.8117	inf	0	0
Auts2	True	1	1	0	0	1	0	0	11.2052	17.0134	1.5183	1	6
Bccip	True	1	1	0	0	1	0	0	174.0410	86.8024	0.4987	1	6
Bcorl1	True	1	1	1	0	0	0	0	9.6657	12.7234	1.3163	0	6
Bdp1	True	1	1	0	0	1	0	0	23.8868	21.3134	0.8923	1	6
Birc5	True	1	1	0	0	1	0	0	71.6981	3.7419	0.0522	1	6
Bloc1s1	True	2	2	0	0	1	1	0	301.9232	6.1600	0.0408	1	6
Bloc1s2	True	1	1	0	0	0	1	0	139.9688	0.0181	0.0001	0	6
Bloc1s5	True	1	1	1	0	0	0	0	32.0906	45.9469	1.4318	0	6
Bloc1s6	True	2	2	1	0	1	0	0	64.4914	24.1516	0.7490	1	6
Bmp8b	True	1	1	1	0	0	0	0	6.0795	2.6068	0.4288	0	6
Bmper	True	1	1	0	0	1	0	0	5.3396	2.6936	0.5045	1	6
Bnip3	True	1	1	0	0	1	0	0	61.0976	566.4271	9.2709	1	6
Bod1	True	1	1	1	0	0	0	0	119.8681	181.5006	1.5142	0	6
Brcc3	True	1	1	1	0	0	0	0	21.1559	72.6175	3.4325	0	6
Brk1	True	1	1	0	0	1	0	0	335.8692	230.2400	0.6855	1	6
Brwd1	True	1	1	1	0	0	0	0	62.8902	25.8493	0.4110	0	6
Btf3l4	True	1	1	0	0	1	0	0	29.3173	312.4870	10.6588	1	6
Btg1	True	1	1	0	0	1	0	0	239.3354	839.5862	3.5080	1	6
Btn1a1	True	1	1	1	0	0	0	0	2.1095	87.4725	41.4656	0	6
Btnl8	True	1	1	1	0	0	0	0	0.2784	3.1536	11.3263	0	6
C4bpa	True	2	2	1	0	0	1	0	237.4777	18.6730	0.1573	1	6
C5	True	2	2	2	0	0	0	0	110.1712	220.0454	3.9946	0	6
Calm	True	2	2	0	0	2	0	0	1126.9394	166.3261	0.2952	2	6
Calr	True	1	1	0	0	0	1	0	5928.1647	19.6831	0.0033	0	6
Camp	True	1	1	0	0	1	0	0	24.9290	16.3802	0.6571	1	6
Capza1	True	2	2	0	0	2	0	0	60.7669	56.5436	1.8610	2	6
Casp3	True	1	1	0	0	1	0	0	41.9752	72.4672	1.7264	1	6
Casp6	True	1	1	0	0	1	0	0	23.8571	144.3588	6.0510	1	6
Cbr1	True	1	1	1	0	0	0	0	691.3852	438.1170	0.6337	0	6
Ccdc115	True	1	1	0	0	1	0	0	331.4653	133.2055	0.4019	1	6
Ccdc167	True	1	1	1	0	0	0	0	106.5113	2.0144	0.0189	0	6
Ccdc25	True	1	1	1	0	0	0	0	27.3763	1155.8485	42.2208	0	6
Ccdc28a	True	1	1	0	0	1	0	0	10.8605	227.8665	20.9812	1	6
Ccdc43	True	1	1	0	0	1	0	0	66.9719	280.6259	4.1902	1	6
Ccdc59	True	1	1	1	0	0	0	0	51.3988	194.7552	3.7891	0	6
Ccdc91	True	1	1	1	0	0	0	0	8.8419	357.4752	40.4296	0	6
Ccl2	True	1	1	0	0	1	0	0	60.7419	216.4877	3.5641	1	6
Ccl3	True	2	2	2	0	0	0	0	10.5494	42.3810	8.0348	0	6
Ccl3l1	True	1	1	0	0	1	0	0	24.3420	11.7376	0.4822	1	6
Ccl4	True	2	2	0	0	2	0	0	6.4244	53.7356	16.7286	2	6
Ccnb1	True	7	7	3	0	1	3	0	5.4325	6.4687	8.3352	2	6
Ccnq	True	1	1	0	0	1	0	0	18.8126	78.3758	4.1661	1	6
Ccr1	True	1	1	0	0	1	0	0	13.4133	88.6822	6.6115	1	6
Cct2	True	1	1	1	0	0	0	0	156.9316	120.4534	0.7676	0	6
Cct3	True	3	3	3	0	0	0	0	24.8660	265.9221	32.0826	0	6
Cct4	True	2	2	2	0	0	0	0	35.6434	385.1039	21.6087	0	6
Cct5	True	1	1	0	0	1	0	0	366.0327	271.0256	0.7404	1	6
Cct6a	True	1	1	0	0	1	0	0	152.8369	475.8509	3.1135	1	6
Cct7	True	7	7	3	0	4	0	0	160.6513	25.2338	1.0995	4	6
Cd164	True	1	1	1	0	0	0	0	70.3145	202.2338	2.8761	0	6
Cd1a	True	1	1	1	0	0	0	0	29.7354	18.5470	0.6237	0	5
Cd209a	True	1	1	0	0	1	0	0	139.0128	58.6023	0.4216	1	6
Cd300ld	True	1	1	1	0	0	0	0	14.7540	11.8153	0.8008	0	6
Cd33	True	1	1	1	0	0	0	0	1.9339	23.0073	11.8971	0	4
Cd5l	True	1	1	0	0	0	1	0	30.0808	0.4070	0.0135	1	6
Cd70	True	1	1	1	0	0	0	0	15.0125	2.1642	0.1442	0	6
Cdc26	True	1	1	1	0	0	0	0	37.9982	242.4412	6.3803	0	6
Cdhr3	True	1	1	0	0	0	1	0	4.3310	0.7065	0.1631	0	6
Cdk1	True	2	2	0	0	1	1	0	3.7542	8.9250	4.7547	2	6
Cdk2ap1	True	1	1	0	0	1	0	0	157.8814	347.0151	2.1979	1	6
Cdkn2aipnl	True	3	3	3	0	0	0	0	167.4913	175.4482	3.1425	0	6
Cdkn2b	True	1	1	1	0	0	0	0	192.2024	3.6670	0.0191	0	6
Ceacam1	True	1	1	1	0	0	0	0	97.4822	11.9569	0.1227	0	6
Cebpz	True	2	2	0	0	2	0	0	23.0295	66.7781	5.7994	2	6
Cebpzos	True	1	1	1	0	0	0	0	10.7021	25.4787	2.3807	0	6
Cel	True	1	1	0	0	0	1	0	0.5626	1.5749	2.7992	0	6
Celf3	True	1	1	0	0	0	1	0	64.2713	107.6434	1.6748	0	6
Cenpi	True	1	1	1	0	0	0	0	1.4936	108.8196	72.8570	0	6
Ces1	True	2	2	0	0	2	0	0	86.1632	106.2169	2.4655	2	6
Ces1d	True	1	1	1	0	0	0	0	376.6203	1212.6002	3.2197	0	6
Cfl1	True	2	2	0	0	2	0	0	1821.8288	1511.7339	1.6596	2	6
Chchd1	True	2	2	1	0	0	1	0	1031.8901	13.7115	0.0266	0	6
Chchd2	True	2	2	0	0	2	0	0	958.8816	1309.3781	2.7311	2	6
Chchd4	True	4	4	4	0	0	0	0	18.6860	81.7837	17.5070	0	6
Chchd6	True	1	1	1	0	0	0	0	4.0200	128.1087	31.8676	0	6
Chmp4b	True	1	1	0	0	1	0	0	27.8773	312.6739	11.2161	1	6
Chmp5	True	3	3	3	0	0	0	0	69.1166	339.9276	14.7545	0	6
Chordc1	True	2	2	0	0	2	0	0	119.0288	326.0033	5.4777	2	6
Chrac1	True	1	1	0	0	1	0	0	182.1834	59.6420	0.3274	1	6
Chtop	True	1	1	0	0	1	0	0	330.8830	315.6383	0.9539	1	6
Churc1	True	1	1	0	0	1	0	0	65.3175	189.6485	2.9035	1	6
Cir1	True	1	1	1	0	0	0	0	17.5858	80.9176	4.6013	0	6
Cirbp	True	1	1	0	0	0	1	0	858.0505	0.1685	0.0002	0	6
Cisd1	True	1	0	0	0	0	0	1	271.0159	0.0000	0.0000	0	6
Cisd2	True	1	1	1	0	0	0	0	50.8471	75.5756	1.4863	0	6
Ckb	True	1	1	0	0	1	0	0	1423.3227	2449.7823	1.7212	1	6
Cks1b	True	1	1	0	0	1	0	0	120.6713	216.8318	1.7969	1	6
Clca4	True	1	1	0	0	0	1	0	1.2301	0.1053	0.0856	1	6
Clec4a	True	2	2	0	0	2	0	0	11.7062	31.2373	5.3369	2	6
Clec4g	True	1	1	0	0	0	1	0	218.1620	2.0517	0.0094	0	6
Clic1	True	1	1	0	0	1	0	0	274.9895	78.2492	0.2846	1	6
Clint1	True	1	1	0	0	1	0	0	53.8974	2.5393	0.0471	1	6
Clns1a	True	2	2	0	0	2	0	0	30.7299	102.9674	6.7015	2	6
Cmc1	True	1	1	1	0	0	0	0	6.7749	625.4915	92.3245	0	6
Cmc4	True	1	1	1	0	0	0	0	134.1946	204.0226	1.5203	0	6
Cmpk1	True	2	2	0	0	2	0	0	69.5681	1341.9574	38.5797	2	6
Cmtm8	True	1	1	0	0	1	0	0	13.4285	158.0274	11.7681	1	6
Cnn3	True	2	2	0	0	2	0	0	423.7640	836.4689	3.9478	2	6
Coa3	True	1	1	1	0	0	0	0	27.3526	1845.3039	67.4635	0	6
Coa6	True	1	1	1	0	0	0	0	222.1946	383.9451	1.7280	0	6
Cobll1	True	1	1	0	0	1	0	0	15.4009	58.5759	3.8034	1	6
Coil	True	1	1	0	0	1	0	0	31.9777	38.4303	1.2018	1	6
Copb2	True	1	1	1	0	0	0	0	60.6395	1228.0927	20.2524	0	6
Cops2	True	1	1	0	0	1	0	0	42.8094	42.9721	1.0038	1	6
Cox15	True	1	1	1	0	0	0	0	38.4579	314.6158	8.1808	0	6
Cox19	True	1	1	1	0	0	0	0	174.8878	10.1582	0.0581	0	6
Cox6a1	True	2	2	0	0	1	1	0	2117.3308	1311.4468	1.2388	1	6
Cox6b1	True	3	3	0	0	3	0	0	505.4562	2013.3134	11.9495	3	6
Cox6c	True	5	5	4	0	1	0	0	64.3261	839.5583	65.2579	1	6
Cox7a2	True	4	4	0	0	4	0	0	385.6619	1286.5388	13.3437	4	6
Cox7b	True	7	7	1	0	4	2	0	90.4930	591.8998	45.7858	5	6
Cox7c	True	2	2	0	0	2	0	0	5553.6533	352.5606	0.1270	2	6
Cox8a	True	1	1	0	0	1	0	0	1746.2447	870.9443	0.4988	1	6
Cpm	True	1	1	0	0	0	1	0	29.4888	0.3085	0.0105	0	6
Cpt2	True	1	1	0	0	1	0	0	38.4871	72.1912	1.8757	1	6
Crcp	True	1	1	0	0	1	0	0	10.6985	84.1775	7.8682	1	6
Crip1	True	2	1	0	0	1	0	1	152.0739	722.0220	9.4957	1	6
Cript	True	2	2	1	0	1	0	0	108.9333	79.5315	1.4602	1	6
Crisp3	True	1	1	0	0	0	1	0	1.0078	0.5925	0.5879	0	3
Cryz	True	1	1	0	0	1	0	0	80.6596	566.9896	7.0294	1	6
Cs	True	1	1	0	0	1	0	0	455.6057	1798.9404	3.9485	1	6
Cse1l	True	1	1	0	0	1	0	0	55.7114	423.1754	7.5958	1	6
Csf2rb	True	1	1	0	0	1	0	0	21.3552	16.9690	0.7946	1	6
Cspg4	True	1	1	1	0	0	0	0	29.0296	53.4918	1.8427	0	6
Cst3	True	6	5	1	0	0	4	1	0.1191	1057.2169	53239.4892	0	2
Cstf3	True	1	0	0	0	0	0	1	33.1157	0.0000	0.0000	0	6
Ctnnbl1	True	1	1	0	0	1	0	0	9.5296	130.9652	13.7429	1	6
Ctrb1	True	3	3	2	0	0	1	0	7.0929	2.9758	1.2586	1	6
Ctsg	True	1	1	0	0	0	1	0	7.9355	1.6898	0.2129	1	5
Ctu1	True	1	1	0	0	1	0	0	17.2249	26.6428	1.5468	1	6
Cuta	True	1	1	1	0	0	0	0	467.5072	37.7978	0.0808	0	6
Cwc27	True	1	1	1	0	0	0	0	7.1202	131.1216	18.4155	0	6
Cxcr4	True	1	1	0	0	1	0	0	167.3602	16.5124	0.0987	1	6
Cyb5b	True	1	1	0	0	1	0	0	99.7790	391.8568	3.9272	1	6
Cycs	True	1	1	0	0	1	0	0	38.2617	615.4402	16.0850	1	6
Cyp11b1	True	2	2	0	0	0	2	0	6.4674	60.7554	18.7883	1	4
Cyp2b4	True	1	1	0	0	1	0	0	35.8700	381.4314	10.6337	1	6
Cyp2d16	True	1	1	1	0	0	0	0	3385.7751	277.9270	0.0821	0	6
Cyp2d4	True	1	1	1	0	0	0	0	118.8240	350.9715	2.9537	0	6
Cyp2j2	True	1	1	0	0	1	0	0	9.8589	5.7810	0.5864	1	6
Cyp3a4	True	1	1	0	0	0	1	0	755.3349	262.8665	0.3480	1	6
Dcaf12l2	True	1	1	0	0	0	1	0	1.7181	0.1665	0.0969	0	4
Dcp2	True	1	1	1	0	0	0	0	3.2136	31.3295	9.7490	0	6
Dctn5	True	1	1	0	0	1	0	0	107.2076	205.5513	1.9173	1	6
Dda1	True	1	1	0	0	1	0	0	115.5947	656.0984	5.6759	1	6
Ddt	True	1	1	0	0	1	0	0	527.4179	1289.0180	2.4440	1	6
Ddx4	True	1	1	0	0	0	1	0	0.5297	1.0092	1.9052	0	6
Defb1	True	1	1	0	0	0	1	0	272.1661	20.6232	0.0758	0	6
Dek	True	1	1	0	0	1	0	0	53.4599	120.6216	2.2563	1	6
Depdc1	True	1	1	0	0	0	1	0	3.6902	0.5008	0.1357	1	6
Dhfr	True	9	9	6	0	2	1	0	32.6214	40.8941	11.2824	2	6
Dhrs7	True	2	2	2	0	0	0	0	3.8089	45.0596	23.6600	0	4
Dhx15	True	1	1	0	0	1	0	0	103.5870	186.7269	1.8026	1	6
Diras2	True	1	1	0	0	1	0	0	90.4406	195.9082	2.1662	1	6
Dmbt1	True	1	1	1	0	0	0	0	1.1860	2.2221	1.8735	0	6
Dnah7	True	1	1	0	0	1	0	0	3.9029	13.0285	3.3381	1	6
Dnaja2	True	1	1	1	0	0	0	0	59.3049	186.3319	3.1419	0	6
Dnajb5	True	1	1	0	0	0	1	0	227.9886	0.9791	0.0043	1	6
Dnajc17	True	1	1	1	0	0	0	0	21.8574	200.5252	9.1743	0	6
Dnajc24	True	1	1	1	0	0	0	0	18.6453	213.0168	11.4247	0	6
Dnajc8	True	1	1	0	0	1	0	0	52.1809	202.3054	3.8770	1	6
Donson	True	1	1	1	0	0	0	0	102.5596	239.0628	2.3310	0	6
Dph1	True	2	2	1	0	1	0	0	45.0513	127.1180	5.6433	1	6
Dph2	True	1	1	1	0	0	0	0	153.9830	32.1793	0.2090	0	6
Dpm1	True	2	2	2	0	0	0	0	65.5624	15.9734	0.4873	0	6
Dpy19l2	True	1	1	0	0	0	1	0	1.0263	0.5088	0.4958	0	6
Drg1	True	1	1	1	0	0	0	0	21.0188	137.9165	6.5616	0	6
Dstn	True	1	1	1	0	0	0	0	842.7799	4596.5370	5.4540	0	6
Dtx4	True	1	1	0	0	1	0	0	6.0174	25.9752	4.3167	1	6
Dusp18	True	1	1	1	0	0	0	0	27.7422	9.1448	0.3296	0	6
Dynap	True	1	0	0	0	0	0	1	0.0000	0.0000		0	0
Dynll1	True	2	2	0	0	1	1	0	1465.3938	1230.9605	1.6800	1	6
Dynlrb1	True	1	1	1	0	0	0	0	28.2103	5199.2173	184.3020	0	6
Dynlt1	True	1	1	1	0	0	0	0	19.4046	219.3700	11.3050	0	6
Dynlt3	True	1	1	0	0	1	0	0	288.3213	360.5876	1.2506	1	6
Eci1	True	1	1	0	0	1	0	0	227.1370	732.5760	3.2253	1	6
Ect2	True	1	1	0	0	1	0	0	2.6390	2.0430	0.7741	1	6
Eef1a1	True	50	50	25	0	24	1	0	48.6386	158.7777	163.2220	24	6
Eef1b2	True	4	3	0	0	3	0	1	425.4940	567.8314	5.3381	3	6
Eef1d	True	1	1	1	0	0	0	0	149.7497	65.8006	0.4394	0	6
Eef1e1	True	1	0	0	0	0	0	1	62.7401	0.0000	0.0000	0	6
Eef1g	True	1	1	0	0	1	0	0	308.0782	6398.9952	20.7707	1	6
Eef2	True	6	6	0	0	6	0	0	405.0253	446.3488	6.6122	6	6
Eef2kmt	True	1	1	1	0	0	0	0	44.3609	54.6079	1.2310	0	6
Eid1	True	1	1	0	0	1	0	0	58.3454	4050.0367	69.4149	1	6
Eif1	True	9	7	6	0	1	0	2	638.6750	91.6134	1.2910	1	6
Eif1ax	True	3	3	2	0	1	0	0	107.0121	140.9092	3.9503	1	6
Eif2b1	True	1	1	0	0	1	0	0	96.9410	605.2293	6.2433	1	6
Eif2b4	True	1	1	0	0	1	0	0	220.5864	317.4405	1.4391	1	6
Eif3a	True	1	1	0	0	1	0	0	47.2326	861.4935	18.2394	1	6
Eif3e	True	4	4	2	0	2	0	0	23.5624	162.8187	27.6404	2	6
Eif3k	True	1	1	1	0	0	0	0	336.3669	53.7481	0.1598	0	6
Eif4b	True	2	2	0	0	2	0	0	98.5437	770.4457	15.6366	2	6
Eif4ebp2	True	3	3	2	0	1	0	0	17.1033	26.4665	4.6423	1	6
Eif4g2	True	1	1	0	0	1	0	0	902.4272	717.6178	0.7952	1	6
Eif5a	True	1	1	0	0	1	0	0	760.2808	94.3633	0.1241	1	6
Eif5a2	True	1	1	0	0	1	0	0	59.7080	111.9671	1.8752	1	6
Ell2	True	1	1	0	0	0	1	0	44.9537	0.0644	0.0014	0	6
Elob	True	4	4	3	0	1	0	0	163.5542	818.4276	20.0161	1	6
Emb	True	2	2	0	0	2	0	0	33.2017	228.8954	13.7882	2	6
Eno1	True	1	1	0	0	1	0	0	87.2325	132.5430	1.5194	1	6
Ensa	True	1	1	0	0	1	0	0	372.9519	426.3572	1.1432	1	6
Ep300	True	2	2	2	0	0	0	0	51.2732	254.2245	9.9165	0	6
Ercc6l	True	1	1	0	0	0	1	0	43.9304	1.0030	0.0228	0	6
Erh	True	1	1	1	0	0	0	0	72.1599	1552.0738	21.5088	0	6
Eri3	True	1	1	1	0	0	0	0	14.0430	703.6531	50.1071	0	6
Esd	True	1	1	1	0	0	0	0	43.5586	1.8762	0.0431	0	6
Exoc5	True	1	1	0	0	1	0	0	69.8116	139.4158	1.9970	1	6
Exosc2	True	1	1	0	0	1	0	0	47.0862	191.0571	4.0576	1	6
Exosc5	True	1	1	0	0	1	0	0	60.0415	122.5080	2.0404	1	6
Exosc8	True	1	1	0	0	1	0	0	58.2883	109.0712	1.8712	1	6
Fabp1	True	2	2	2	0	0	0	0	11.5152	3763.1291	653.5910	0	4
Fabp3	True	2	2	0	0	1	1	0	535.0805	1769.2243	6.6129	1	6
Fabp6	True	1	1	1	0	0	0	0	0.9126	9.7375	10.6704	0	6
Fads2	True	1	1	0	0	1	0	0	31.2970	46.8052	1.4955	1	6
Fam162a	True	1	1	0	0	1	0	0	99.4091	2325.2421	23.3906	1	6
Fam170a	True	1	1	0	0	0	1	0	0.2269	0.3145	1.3858	0	4
Fam216a	True	1	1	1	0	0	0	0	0.9532	93.5681	98.1613	0	4
Fam32a	True	3	3	1	0	1	1	0	356.5162	213.4800	1.7964	1	6
Fam72a	True	1	1	0	0	0	1	0	2.8093	1.1509	0.4097	0	6
Fbf1	True	1	1	0	0	1	0	0	15.0994	6.8369	0.4528	1	6
Fbxo27	True	1	1	1	0	0	0	0	12.8723	5.1417	0.3994	0	6
Fcf1	True	10	10	6	0	0	4	0	14.4998	7.6387	5.2681	0	6
Fhit	True	1	1	0	0	1	0	0	0.1513	72.0581	476.3134	1	6
Fkbp1a	True	1	1	0	0	1	0	0	267.2910	0.7567	0.0028	1	6
Fkbp3	True	6	6	4	0	1	1	0	88.0238	25.3199	1.7259	1	6
Fkbp4	True	1	1	0	0	1	0	0	295.6293	3265.0039	11.0442	1	6
Fmo5	True	1	1	0	0	0	1	0	290.6698	0.0162	0.0001	0	6
Fndc11	True	1	1	0	0	1	0	0	19.6826	12.4273	0.6314	1	6
Fnta	True	1	1	1	0	0	0	0	60.9152	350.4929	5.7538	0	6
Fpr2	True	4	4	0	0	0	4	0	0.2596	8.1598	125.7461	0	6
Fsbp	True	1	1	1	0	0	0	0	0.3575	19.5378	54.6444	0	4
Fsip2	True	1	1	1	0	0	0	0	0.1166	86.5471	742.0134	0	6
Fth1	True	8	8	1	0	5	2	0	313.1867	500.9877	12.7972	5	6
Fundc2	True	1	1	0	0	1	0	0	82.2824	1111.0107	13.5024	1	6
Fxyd5	True	1	1	0	0	1	0	0	95.2073	124.7172	1.3100	1	6
Fzd10	True	1	1	0	0	1	0	0	2.8399	43.6637	15.3751	1	4
Gabarap	True	1	1	1	0	0	0	0	1776.6373	1997.1583	1.1241	0	6
Gabarapl1	True	1	1	0	0	1	0	0	1017.5490	749.6364	0.7367	1	6
Gabarapl2	True	2	2	1	0	1	0	0	120.4865	1463.9154	24.3001	1	6
Gapdh	True	2	2	1	0	0	1	0	186.6753	21.5362	0.2307	0	6
Gbp5	True	4	4	0	0	4	0	0	17.1328	39.0530	9.1177	4	6
Gbp6	True	3	3	0	0	2	1	0	33.5142	46.2669	4.1416	2	6
Gdi2	True	2	2	2	0	0	0	0	48.0141	790.0901	32.9108	0	6
Gfm1	True	1	1	1	0	0	0	0	61.2589	644.6122	10.5227	0	6
Ggta1	True	1	1	1	0	0	0	0	0.1524	10.9437	71.8228	0	5
Gins3	True	1	1	0	0	1	0	0	48.7321	82.4117	1.6911	1	6
Gja1	True	1	1	1	0	0	0	0	765.0841	66.0386	0.0863	0	6
Glrx3	True	1	1	1	0	0	0	0	57.2415	1418.1812	24.7754	0	6
Gltp	True	1	1	0	0	1	0	0	49.9256	582.8470	11.6743	1	6
Glud1	True	1	1	0	0	1	0	0	670.3995	2280.2997	3.4014	1	6
Glul	True	2	2	0	0	2	0	0	729.8737	1876.9539	5.1432	2	6
Glyatl3	True	1	1	0	0	0	1	0	0.0820	0.0527	0.6431	0	1
Gnai2	True	2	2	0	0	2	0	0	1367.8971	693.9508	1.0146	2	6
Gnai3	True	2	2	2	0	0	0	0	42.4073	92.1523	4.3461	0	6
Gnaq	True	1	1	1	0	0	0	0	23.3652	94.3883	4.0397	0	6
Gnas	True	6	3	1	0	1	1	3	498.5670	23.1968	0.2792	1	6
Gng10	True	1	1	0	0	1	0	0	214.5076	41.8616	0.1952	1	6
Gng5	True	3	3	2	0	0	1	0	82.3431	57.9354	2.1108	0	6
Gnl3	True	1	1	1	0	0	0	0	125.9711	115.5532	0.9173	0	6
Got1	True	1	1	0	0	1	0	0	221.8091	1448.6144	6.5309	1	6
Gpkow	True	2	2	1	0	1	0	0	30.9012	111.4998	7.2165	1	6
Gpx7	True	1	1	0	0	1	0	0	93.8716	115.3362	1.2287	1	6
Grb2	True	1	1	0	0	1	0	0	50.1813	58.7600	1.1710	1	6
Gsdmc	True	1	1	1	0	0	0	0	7.2451	5.9242	0.8177	0	2
Gsta4	True	1	1	1	0	0	0	0	125.4350	64.2032	0.5118	0	6
Gsto1	True	1	1	0	0	1	0	0	605.4888	5173.1490	8.5438	1	6
Gstp1	True	1	1	0	0	1	0	0	5541.1844	6284.6823	1.1342	1	6
Gtf3c3	True	1	1	1	0	0	0	0	218.2116	1.4732	0.0068	0	6
Gvinp1	True	3	3	0	0	1	2	0	3.4929	16.2435	13.9515	1	6
Gzmb	True	15	7	0	0	0	7	8	6.5109	0.1381	0.3182	1	6
Gzmh	True	1	0	0	0	0	0	1	19.1892	0.0000	0.0000	0	6
H1-0	True	2	2	1	0	0	1	0	1.7973	83.4278	92.8350	0	6
H1-3	True	1	1	0	0	1	0	0	3284.3868	29.5938	0.0090	1	6
H2ab1	True	6	4	0	0	0	4	2	0.0000	0.6094	inf	0	0
H2ac18	True	1	1	0	0	1	0	0	291.8897	59.6272	0.2043	1	6
H2az1	True	1	1	0	0	1	0	0	448.2548	45.9509	0.1025	1	6
H2az2	True	2	2	1	0	0	1	0	87.9719	358.0087	8.1392	0	6
H2b-i	True	1	1	0	0	1	0	0	20.1954	160.4051	7.9427	1	6
H2bc12	True	1	1	0	0	1	0	0	45.1931	187.6322	4.1518	1	6
H2bc15	True	8	8	0	0	8	0	0	1726.9890	631.8049	2.9267	8	6
H3c15	True	7	7	1	0	6	0	0	889.2098	468.3755	3.6871	6	6
Hacd3	True	1	1	0	0	1	0	0	131.7700	1243.0953	9.4338	1	6
Hat1	True	1	1	1	0	0	0	0	24.8586	294.2366	11.8364	0	6
Haus4	True	1	1	0	0	1	0	0	215.4576	450.0492	2.0888	1	6
Hdac1	True	9	9	7	0	1	1	0	16.2689	3.9708	2.1966	2	6
Herc5	True	1	1	0	0	1	0	0	0.5251	37.7877	71.9672	1	6
Hesx1	True	1	1	0	0	0	1	0	11.4973	2.8696	0.2496	0	6
Hint1	True	2	2	0	0	2	0	0	1321.0811	740.6891	1.1213	2	6
Hipk2	True	1	1	1	0	0	0	0	34.9372	4.8470	0.1387	0	6
Hla-dpb1	True	1	1	0	0	1	0	0	283.6807	44.6314	0.1573	1	6
Hmgb1	True	1	1	1	0	0	0	0	173.4182	4.3926	0.0253	0	6
Hmgb3	True	1	1	1	0	0	0	0	0.4788	6.3778	13.3207	0	6
Hmgn2	True	10	10	5	0	0	5	0	2.8763	30.0215	104.3745	0	2
Hmox1	True	1	1	0	0	1	0	0	402.9696	455.2375	1.1297	1	6
Hnrnpdl	True	1	0	0	0	0	0	1	343.6086	0.0000	0.0000	0	6
Hnrnpf	True	1	1	0	0	1	0	0	573.8670	131.4587	0.2291	1	6
Hnrnph1	True	1	1	0	0	1	0	0	841.7684	89.8783	0.1068	1	6
Hnrnpl	True	1	1	0	0	1	0	0	173.9859	819.7270	4.7115	1	6
Hprt1	True	5	5	3	0	2	0	0	14.9393	84.0657	28.1357	2	6
Hsbp1	True	1	1	0	0	1	0	0	1512.3563	2397.3125	1.5852	1	6
Hsd17b10	True	1	1	0	0	1	0	0	3226.9577	1964.2636	0.6087	1	6
Hsd17b6	True	1	1	0	0	0	1	0	160.4831	26.1083	0.1627	1	6
Hsp90aa1	True	1	1	0	0	1	0	0	458.4450	1864.4854	4.0670	1	6
Hsp90ab1	True	1	1	0	0	1	0	0	2068.7867	2238.3454	1.0820	1	6
Hspe1	True	8	8	1	0	7	0	0	364.2269	89.5310	1.9665	7	6
Hypk	True	1	0	0	0	0	0	1	507.1851	0.0000	0.0000	0	6
Id4	True	1	1	0	0	0	1	0	551.2229	1.3740	0.0025	0	6
Idh3a	True	1	1	0	0	1	0	0	76.2949	897.7592	11.7670	1	6
Idi1	True	3	3	0	0	3	0	0	639.3865	247.4219	1.1609	3	6
Ifi16	True	1	1	0	0	1	0	0	81.2907	148.8191	1.8307	1	6
Ifi27l2	True	1	1	0	0	1	0	0	169.8621	4424.2831	26.0463	1	6
Ifit1	True	3	3	3	0	0	0	0	16.9660	44.8958	7.9387	0	6
Ifitm3	True	3	3	3	0	0	0	0	599.1201	1276.5950	6.3923	0	6
Ifnb1	True	1	1	0	0	0	1	0	3.1600	1.6947	0.5363	0	6
Ifng	True	1	1	0	0	0	1	0	0.9953	0.0537	0.0539	0	3
Ifnl3	True	2	0	0	0	0	0	2	0.0000	0.0000		0	0
Ifnw1	True	1	1	0	0	0	1	0	0.5726	0.0328	0.0572	0	4
Igbp1	True	3	3	2	0	1	0	0	77.0632	156.0635	6.0754	1	6
Ighv2-5	True	1	1	0	0	0	1	0	0.2526	1.9304	7.6411	1	1
Ik	True	1	1	0	0	1	0	0	86.2098	1963.4756	22.7756	1	6
Il13ra1	True	1	1	0	0	1	0	0	37.4734	317.6625	8.4770	1	6
Ilf2	True	1	1	0	0	1	0	0	321.1350	1092.1629	3.4009	1	6
Immp1l	True	1	1	1	0	0	0	0	37.1506	144.6877	3.8946	0	6
Ino80c	True	3	3	0	0	2	1	0	25.5790	93.4295	10.9578	3	6
Ipo5	True	1	1	0	0	1	0	0	81.0280	340.7822	4.2057	1	6
Iqcf5	True	1	1	0	0	0	1	0	0.0976	1.1986	12.2797	0	2
Isca1	True	1	1	0	0	1	0	0	364.9457	143.6395	0.3936	1	6
Ist1	True	1	1	0	0	1	0	0	48.4101	305.0297	6.3010	1	6
Itfg2	True	1	1	1	0	0	0	0	37.9053	150.2746	3.9645	0	6
Itm2a	True	2	2	0	0	1	1	0	60.8163	33.5256	1.1025	1	6
Itm2b	True	3	3	0	0	3	0	0	244.2543	1597.6446	19.6227	3	6
Jpt1	True	1	1	0	0	1	0	0	27.5800	460.0105	16.6791	1	6
Jpt2	True	2	2	2	0	0	0	0	15.4594	266.5656	34.4860	0	6
Jrk	True	1	1	0	0	1	0	0	154.1045	17.0103	0.1104	1	6
Kansl2	True	1	1	0	0	1	0	0	74.5392	90.2985	1.2114	1	6
Katnbl1	True	1	1	0	0	1	0	0	12.8631	169.8981	13.2082	1	6
Kcmf1	True	1	1	1	0	0	0	0	43.4941	156.7344	3.6036	0	6
Kdm4d	True	1	1	0	0	1	0	0	13.9757	4.3350	0.3102	1	6
Khdc1	True	1	0	0	0	0	0	1	0.0000	0.0000		0	0
Kif4a	True	1	1	0	0	0	1	0	2.4490	0.3301	0.1348	0	6
Kifbp	True	5	5	4	0	0	1	0	0.4512	46.6908	517.4056	1	2
Kin	True	1	1	0	0	1	0	0	14.9416	185.2937	12.4012	1	6
Klf17	True	2	2	0	0	0	2	0	0.1921	0.4817	5.0142	0	2
Klf5	True	1	1	0	0	1	0	0	44.4537	10.4067	0.2341	1	6
Klk4	True	8	2	0	0	0	2	6	0.0123	0.1859	121.1641	0	1
Knop1	True	1	1	1	0	0	0	0	72.3249	15.6017	0.2157	0	6
Kpna2	True	7	7	2	0	5	0	0	30.0948	19.3050	4.4903	5	6
Krcc1	True	1	1	1	0	0	0	0	41.8066	25.0764	0.5998	0	6
Krr1	True	3	3	1	0	2	0	0	10.8422	41.9593	11.6100	2	6
Krt18	True	4	4	0	0	4	0	0	83.0331	132.6876	6.3920	4	6
Krt6a	True	1	1	0	0	0	1	0	146.4051	50.3912	0.3442	1	4
Krt8	True	2	1	0	0	1	0	1	35.3264	23.8564	1.3506	1	6
L3mbtl3	True	1	1	1	0	0	0	0	18.0979	60.9423	3.3674	0	6
Lage3	True	2	1	0	0	0	1	1	210.9892	0.2323	0.0022	0	6
Lair1	True	1	1	0	0	1	0	0	5.0292	1.9489	0.3875	1	6
Lamtor1	True	1	1	0	0	1	0	0	447.0708	143.7785	0.3216	1	6
Lamtor2	True	1	1	1	0	0	0	0	301.6537	723.9075	2.3998	0	6
Lamtor4	True	1	1	1	0	0	0	0	853.1769	79.8955	0.0936	0	6
Lamtor5	True	1	1	0	0	1	0	0	200.3268	752.4895	3.7563	1	6
Lap3	True	1	1	0	0	1	0	0	67.3258	1499.5128	22.2725	1	6
Larp1b	True	1	1	0	0	1	0	0	18.1343	6.1698	0.3402	1	6
Larp7	True	5	4	1	0	3	0	1	51.8050	60.7789	5.8661	3	6
Lbp	True	1	1	1	0	0	0	0	56.4111	1.2524	0.0222	0	6
Lcn2	True	13	8	0	0	0	8	5	111.4549	0.0603	0.0070	1	6
Ldha	True	1	1	0	0	1	0	0	55.4750	11.6557	0.2101	1	6
Lgals9	True	2	2	0	0	0	2	0	11.3063	2.4403	0.4317	1	6
Lgals9b	True	1	1	0	0	0	1	0	13.0996	0.2020	0.0154	0	6
Lilra5	True	2	2	1	0	0	1	0	1.1728	10.2174	17.4235	0	5
Lilra6	True	2	2	1	0	1	0	0	24.7813	7.6234	0.6153	1	6
Lin28a	True	2	2	0	0	0	2	0	0.2866	2.1705	15.1458	0	6
Llcfc1	True	1	1	0	0	0	1	0	0.9882	0.9522	0.9636	0	4
Loxhd1	True	1	1	1	0	0	0	0	0.1260	3.6985	29.3463	0	6
Lrpap1	True	1	1	0	0	1	0	0	293.0562	1543.3828	5.2665	1	6
Lsm3	True	4	3	3	0	0	0	1	36.4104	215.8705	23.7153	0	6
Lsm4	True	1	1	0	0	1	0	0	166.1198	88.0207	0.5299	1	6
Lsm5	True	1	1	1	0	0	0	0	59.2698	217.8121	3.6749	0	6
Lsm8	True	1	1	0	0	1	0	0	174.3407	294.3807	1.6885	1	6
Ly6e	True	1	1	1	0	0	0	0	0.0428	757.4405	17705.7869	0	1
Lyrm2	True	3	3	2	0	0	1	0	78.8819	24.5115	0.9322	0	6
Lyz	True	2	2	1	0	0	1	0	0.1125	93.8207	1668.4209	0	4
Mad2l2	True	1	1	1	0	0	0	0	21.0132	147.3835	7.0138	0	6
Magea10	True	11	3	0	0	0	3	8	0.1886	0.0292	1.7048	0	1
Magea11	True	5	1	0	0	0	1	4	0.0000	0.0125	inf	0	0
Magea4	True	4	0	0	0	0	0	4	0.0000	0.0000		0	0
Mageb16	True	1	0	0	0	0	0	1	0.1747	0.0000	0.0000	0	2
Mageb3	True	6	3	0	0	0	3	3	2.6126	0.0451	0.1035	0	6
Mageb4	True	5	1	0	0	0	1	4	0.5395	0.0029	0.0266	0	1
Mak16	True	1	1	0	0	1	0	0	91.8718	261.0787	2.8418	1	6
Maoa	True	2	2	0	0	2	0	0	17.5400	1176.3070	134.1283	2	6
Mat2a	True	1	1	0	0	1	0	0	1498.5289	488.0341	0.3257	1	6
Mboat7	True	1	1	0	0	1	0	0	169.1533	5.0066	0.0296	1	6
Mdp1	True	1	1	0	0	1	0	0	240.2847	49.9929	0.2081	1	6
Med29	True	1	1	0	0	1	0	0	234.5514	1846.5102	7.8725	1	6
Med4	True	2	2	0	0	2	0	0	57.4620	190.8212	6.6417	2	6
Melk	True	1	1	0	0	1	0	0	2.0472	13.4250	6.5576	1	6
Mfsd13a	True	1	1	0	0	0	1	0	299.6158	0.5793	0.0019	1	6
Mgat1	True	1	1	0	0	1	0	0	26.3981	134.7464	5.1044	1	6
Mgat4c	True	2	2	1	0	0	1	0	1.5805	7.2498	9.1738	0	6
Mia2	True	1	1	0	0	0	1	0	131.5228	0.5837	0.0044	0	6
Mif	True	1	1	0	0	1	0	0	1875.4393	456.5384	0.2434	1	6
Mmgt1	True	1	1	1	0	0	0	0	142.4089	318.7032	2.2379	0	6
Mphosph10	True	1	1	0	0	1	0	0	67.5056	244.2006	3.6175	1	6
Mreg	True	1	1	0	0	1	0	0	13.9644	39.0443	2.7960	1	6
Mrgprx1	True	2	1	0	0	0	1	1	0.1752	0.4530	5.1720	0	1
Mri1	True	1	1	1	0	0	0	0	71.4661	113.4896	1.5880	0	6
Mroh7	True	1	1	0	0	0	1	0	1.0229	0.2085	0.2038	0	6
Mrpl11	True	1	1	0	0	1	0	0	31.4089	448.5700	14.2816	1	6
Mrpl15	True	1	1	0	0	1	0	0	97.1183	325.8935	3.3556	1	6
Mrpl17	True	1	1	1	0	0	0	0	1091.9183	48.0198	0.0440	0	6
Mrpl3	True	1	1	1	0	0	0	0	50.2883	916.6487	18.2279	0	6
Mrpl30	True	1	1	1	0	0	0	0	30.1047	1439.1866	47.8060	0	6
Mrpl36	True	1	1	0	0	1	0	0	132.6764	81.0462	0.6109	1	6
Mrpl41	True	2	2	2	0	0	0	0	370.4627	303.7698	1.6399	0	6
Mrpl42	True	1	1	1	0	0	0	0	18.8679	952.1246	50.4626	0	6
Mrpl45	True	1	1	1	0	0	0	0	92.6374	330.7634	3.5705	0	6
Mrpl49	True	2	2	1	0	1	0	0	704.1700	158.6295	0.4505	1	6
Mrpl50	True	3	3	1	0	2	0	0	62.6312	83.7126	4.0098	2	6
Mrpl55	True	1	1	1	0	0	0	0	300.6576	379.7357	1.2630	0	6
Mrps15	True	1	1	0	0	1	0	0	372.0470	377.5719	1.0149	1	6
Mrps16	True	1	1	0	0	1	0	0	540.0287	283.6444	0.5252	1	6
Mrps18c	True	2	2	2	0	0	0	0	35.7705	237.4007	13.2736	0	6
Mrps21	True	1	1	1	0	0	0	0	144.3246	25.7359	0.1783	0	6
Mrps25	True	2	2	1	0	1	0	0	401.3174	762.6031	3.8005	1	6
Mrps6	True	2	2	2	0	0	0	0	82.0760	54.5068	1.3282	0	6
Mrto4	True	1	1	0	0	1	0	0	119.0325	9.6507	0.0811	1	6
Ms4a2	True	1	1	1	0	0	0	0	77.3606	9.0232	0.1166	0	6
Ms4a4a	True	1	1	0	0	0	1	0	15.8284	1.6507	0.1043	0	6
Ms4a4d	True	1	1	0	0	1	0	0	0.4934	3.0548	6.1909	1	6
Msmb	True	1	1	0	0	0	1	0	10.1183	2581.6483	255.1465	0	2
Msn	True	1	1	0	0	1	0	0	40.6586	850.4171	20.9161	1	6
Mtap	True	3	3	3	0	0	0	0	10.2400	39.3742	11.5354	0	6
Mtrex	True	1	1	1	0	0	0	0	54.3927	492.8617	9.0612	0	6
Mx2	True	1	1	1	0	0	0	0	69.3167	34.7949	0.5020	0	6
Mycbp	True	8	8	4	0	3	1	0	131.1745	174.2613	10.6278	3	6
Myh2	True	1	1	0	0	0	1	0	350.2868	229.3661	0.6548	1	6
Myl12b	True	1	1	0	0	1	0	0	562.8195	587.9810	1.0447	1	6
Myl6	True	2	2	0	0	2	0	0	1780.6691	1238.1313	1.3906	2	6
Myl9	True	1	1	0	0	1	0	0	1073.2836	859.8003	0.8011	1	6
Naa11	True	1	1	0	0	0	1	0	6.7601	0.1389	0.0205	0	6
Nampt	True	1	1	0	0	1	0	0	115.1057	521.4100	4.5298	1	6
Nanp	True	1	1	1	0	0	0	0	98.8044	24.1491	0.2444	0	6
Napsa	True	1	1	0	0	1	0	0	931.1268	120.6562	0.1296	1	6
Nasp	True	1	1	0	0	1	0	0	72.3605	5.8709	0.0811	1	6
Nat8b	True	1	1	1	0	0	0	0	14.2446	96.1046	6.7467	0	6
Ncbp2	True	1	1	1	0	0	0	0	92.6340	71.9244	0.7764	0	6
Ncr3lg1	True	2	2	2	0	0	0	0	27.6266	37.6079	2.7226	0	6
Ndufa10	True	1	1	0	0	1	0	0	137.0132	248.4537	1.8134	1	6
Ndufa11	True	1	1	0	0	1	0	0	159.5491	6122.8904	38.3762	1	6
Ndufa12	True	2	2	0	0	2	0	0	214.4594	1184.7739	11.0489	2	6
Ndufa2	True	3	3	0	0	3	0	0	88.6500	683.2925	23.1233	3	6
Ndufa3	True	3	3	3	0	0	0	0	191.5965	821.4415	12.8621	0	6
Ndufa4	True	3	3	0	0	3	0	0	661.4647	6634.3419	30.0893	3	6
Ndufa5	True	3	3	1	0	2	0	0	42.6970	480.5027	33.7613	2	6
Ndufa6	True	1	1	0	0	1	0	0	328.1718	2933.4643	8.9388	1	6
Ndufa8	True	1	1	0	1	0	0	0	0.0000	419.8592	inf	0	0
Ndufab1	True	1	1	1	0	0	0	0	77.2280	811.4306	10.5069	0	6
Ndufaf2	True	1	1	1	0	0	0	0	4.4932	286.7829	63.8255	0	6
Ndufaf4	True	2	2	0	0	2	0	0	26.9210	92.1738	6.8477	2	6
Ndufb10	True	1	1	0	0	1	0	0	981.6160	979.7064	0.9981	1	6
Ndufb4	True	1	1	0	0	1	0	0	995.9014	12.2961	0.0123	1	6
Ndufb7	True	2	2	1	0	0	1	0	1002.7090	8.6255	0.0172	0	6
Ndufs8	True	1	1	0	0	1	0	0	463.8782	4391.1592	9.4662	1	6
Nedd8	True	7	7	5	0	2	0	0	26.0432	124.6570	33.5058	2	6
Nifk	True	4	4	2	0	2	0	0	92.3847	107.6288	4.6600	2	6
Nipsnap2	True	1	1	0	0	1	0	0	102.1844	88.6695	0.8677	1	6
Nlrp1	True	2	2	1	0	1	0	0	1.5530	19.7713	25.4623	1	6
Nop10	True	2	2	1	0	1	0	0	1053.3417	225.4292	0.4280	1	6
Notch2	True	1	1	1	0	0	0	0	46.3173	7.7681	0.1677	0	6
Npm1	True	2	2	1	0	0	1	0	71.1172	3.3466	0.0941	0	6
Nr1h4	True	1	1	1	0	0	0	0	13.9873	1.0972	0.0784	0	6
Nr1i3	True	1	1	1	0	0	0	0	230.9453	473.6091	2.0507	0	6
Nsa2	True	2	2	2	0	0	0	0	14.5964	89.2401	12.2277	0	6
Nsfl1c	True	1	1	1	0	0	0	0	63.1088	190.4558	3.0179	0	6
Nthl1	True	1	1	1	0	0	0	0	65.8691	10.3924	0.1578	0	6
Nucks1	True	1	1	0	0	1	0	0	83.1448	139.0002	1.6718	1	6
Nudcd2	True	1	1	0	0	1	0	0	105.2109	72.0652	0.6850	1	6
Nudt11	True	1	1	0	0	0	1	0	42.8741	21.3651	0.4983	1	5
Nudt16	True	1	1	1	0	0	0	0	189.0635	2.8305	0.0150	0	6
Nup43	True	1	1	0	0	1	0	0	17.8413	85.4535	4.7897	1	6
Nupr1	True	1	1	1	0	0	0	0	0.3908	790.9725	2023.9895	0	6
Nus1	True	1	1	0	0	1	0	0	450.1829	299.9159	0.6662	1	6
Nusap1	True	2	2	0	0	1	1	0	6.1860	5.6404	1.8236	1	6
Nutf2	True	1	1	0	0	1	0	0	45.3215	52.0937	1.1494	1	6
Nxpe3	True	2	2	1	0	0	1	0	39.2484	13.4787	0.6868	0	6
Oat	True	1	1	1	0	0	0	0	61.9699	1241.3814	20.0320	0	6
Obp2b	True	2	2	1	0	0	1	0	9.4564	25.8846	5.4745	0	6
Olfm4	True	1	1	0	0	0	1	0	0.2493	0.3760	1.5083	0	5
Or10q1	True	1	1	0	0	0	1	0	0.5678	0.0723	0.1273	1	1
Or51a7	True	4	0	0	0	0	0	4	0.0000	0.0000		0	0
Or51c1	True	2	2	0	0	0	2	0	0.0770	1.1259	29.2265	1	1
Or51f1	True	1	0	0	0	0	0	1	32.9885	0.0000	0.0000	0	4
Or51g2	True	6	0	0	0	0	0	6	0.0000	0.0000		0	0
Or51i1	True	2	0	0	0	0	0	2	0.0000	0.0000		0	0
Or51i2	True	6	3	0	0	0	3	3	0.0000	0.0341	inf	0	0
Or51l1	True	1	0	0	0	0	0	1	0.3094	0.0000	0.0000	0	3
Or51v1	True	1	0	0	0	0	0	1	0.0000	0.0000		0	0
Or52a1	True	3	0	0	0	0	0	3	0.0000	0.0000		0	0
Or52b2	True	2	2	0	0	0	2	0	0.0000	0.4155	inf	0	0
Or52b4	True	2	2	1	0	0	1	0	1.4830	1.7801	2.4007	0	5
Or52h1	True	2	2	0	0	0	2	0	1.0690	0.7866	1.4716	1	1
Or52i1	True	1	1	1	0	0	0	0	2.5591	4.9437	1.9318	0	5
Or52j3	True	2	0	0	0	0	0	2	0.0000	0.0000		0	0
Or52m1	True	1	1	0	0	0	1	0	0.4557	0.8416	1.8470	0	1
Or52p1	True	3	1	0	0	0	1	2	0.1805	0.0288	0.4793	1	1
Or52r1	True	1	0	0	0	0	0	1	0.0000	0.0000		0	0
Or56a4	True	1	0	0	0	0	0	1	0.0470	0.0000	0.0000	0	1
Or56b1	True	1	0	0	0	0	0	1	0.0000	0.0000		0	0
Osbpl11	True	2	2	1	0	1	0	0	11.5103	23.9766	4.1661	1	6
Ostf1	True	1	1	0	0	1	0	0	41.5256	2172.2379	52.3108	1	6
Otub1	True	1	1	0	0	1	0	0	177.5834	758.9029	4.2735	1	6
Otud6b	True	1	1	0	0	1	0	0	119.8182	125.9524	1.0512	1	6
Ovca2	True	1	1	1	0	0	0	0	14.9700	154.3138	10.3082	0	6
P2ry10	True	1	1	1	0	0	0	0	10.8304	5.8007	0.5356	0	6
Pa2g4	True	4	4	0	0	4	0	0	89.8122	154.5727	6.8843	4	6
Pabpc1l2a	True	1	1	0	0	0	1	0	2.8039	2.9038	1.0356	1	2
Pabpn1	True	1	1	1	0	0	0	0	560.9019	27.2942	0.0487	0	6
Pbdc1	True	2	2	1	0	1	0	0	107.5738	110.4647	2.0537	1	6
Pcbp1	True	2	2	0	0	2	0	0	15.7347	449.1306	57.0880	2	6
Pcbp2	True	1	1	0	0	0	1	0	116.6193	0.0986	0.0008	0	6
Pcdhb4	True	1	1	0	0	1	0	0	18.5526	22.1195	1.1923	1	6
Pced1a	True	1	0	0	0	0	0	1	57.7181	0.0000	0.0000	0	6
Pclaf	True	1	1	0	0	1	0	0	27.2563	45.0124	1.6515	1	6
Pcmt1	True	1	1	0	0	1	0	0	28.6655	816.0893	28.4694	1	6
Pcna	True	1	1	1	0	0	0	0	471.0381	457.6780	0.9716	0	6
Pdap1	True	1	1	0	0	1	0	0	176.4197	82.7566	0.4691	1	6
Pdcl3	True	1	1	1	0	0	0	0	109.5044	181.6571	1.6589	0	6
Pdha1	True	1	1	0	0	1	0	0	825.4782	1638.5551	1.9850	1	6
Pdia6	True	1	1	0	0	1	0	0	539.4973	668.8545	1.2398	1	6
Pdk1	True	1	1	1	0	0	0	0	45.6202	263.4358	5.7745	0	6
Pdlim5	True	1	1	0	0	1	0	0	47.3202	510.5769	10.7898	1	6
Pebp1	True	2	2	0	0	2	0	0	3546.0432	1096.7113	0.6186	2	6
Pemt	True	1	0	0	0	0	0	1	13.7668	0.0000	0.0000	0	6
Pes1	True	1	1	0	0	1	0	0	55.7269	36.6799	0.6582	1	6
Pex13	True	1	1	1	0	0	0	0	8.8244	79.7478	9.0372	0	6
Pfdn1	True	2	2	1	0	1	0	0	28.9934	578.3372	39.8944	1	6
Pfdn2	True	1	1	1	0	0	0	0	111.7854	92.7133	0.8294	0	6
Pfdn5	True	4	4	2	0	2	0	0	95.1294	383.3983	16.1211	2	6
Pfn2	True	1	1	0	0	0	1	0	1217.9874	0.5311	0.0004	0	6
Pgam1	True	7	6	0	0	6	0	1	640.2531	387.5938	4.2376	6	6
Pgk1	True	4	4	2	0	2	0	0	43.7403	407.0316	37.2226	2	6
Phb2	True	1	1	1	0	0	0	0	1407.2529	711.5306	0.5056	0	6
Phgdh	True	1	1	0	0	1	0	0	27.3533	513.4083	18.7695	1	6
Picalm	True	1	1	1	0	0	0	0	263.4901	6.2077	0.0236	0	6
Pin4	True	2	2	2	0	0	0	0	27.4614	147.9244	10.7732	0	6
Pirb	True	5	5	4	0	1	0	0	8.0594	31.4357	19.5025	1	6
Pkm	True	2	2	0	0	2	0	0	49.7865	15.1346	0.6080	2	6
Plcg2	True	1	1	0	0	1	0	0	4.8468	1.5532	0.3205	1	6
Pld6	True	1	1	0	0	1	0	0	19.9882	6.1283	0.3066	1	6
Plekhf1	True	1	1	0	0	1	0	0	43.9569	42.5826	0.9687	1	6
Plekhf2	True	2	2	0	0	2	0	0	32.9076	77.6512	4.7194	2	6
Plk1	True	1	1	0	0	1	0	0	72.5429	59.5620	0.8211	1	6
Plrg1	True	1	1	0	0	1	0	0	91.5463	506.9045	5.5371	1	6
Plscr1	True	2	2	2	0	0	0	0	0.3207	39.1385	244.0462	0	5
Pnma5	True	1	1	0	0	0	1	0	0.4035	0.3275	0.8116	0	4
Poldip2	True	1	1	0	0	1	0	0	574.8341	38.6190	0.0672	1	6
Pole3	True	1	1	1	0	0	0	0	148.8485	108.9903	0.7322	0	6
Polr1c	True	1	1	0	0	1	0	0	94.0564	15.7470	0.1674	1	6
Polr1d	True	1	1	1	0	0	0	0	424.5854	182.9693	0.4309	0	6
Polr1has	True	1	1	1	0	0	0	0	20.1996	1.5612	0.0773	0	6
Polr2g	True	1	1	0	0	1	0	0	836.8258	1286.0559	1.5368	1	6
Polr2h	True	1	1	1	0	0	0	0	116.0549	284.9900	2.4556	0	6
Polr2j	True	1	1	0	0	1	0	0	98.7192	1030.2458	10.4361	1	6
Polr2k	True	1	1	1	0	0	0	0	208.2633	136.8685	0.6572	0	6
Polr2m	True	1	1	0	0	0	1	0	164.8220	1.1822	0.0072	0	6
Pomp	True	3	3	0	0	3	0	0	189.4538	617.4050	9.7766	3	6
Pou2f3	True	1	1	0	0	1	0	0	4.9349	14.1373	2.8648	1	6
Ppa1	True	1	1	0	0	1	0	0	46.7371	321.8793	6.8870	1	6
Pphln1	True	1	1	1	0	0	0	0	12.8956	127.3326	9.8741	0	6
Ppia	True	4	3	3	0	0	0	1	153.5799	137.8222	3.5896	0	6
Ppil1	True	1	1	0	0	1	0	0	36.8391	147.9564	4.0163	1	6
Ppp1r14b	True	1	1	0	0	1	0	0	189.3071	1054.1457	5.5684	1	6
Ppp1r2	True	1	1	1	0	0	0	0	161.3176	5.6254	0.0349	0	6
Ppp3cb	True	1	1	0	0	1	0	0	53.7891	373.5177	6.9441	1	6
Ppp3r1	True	1	1	0	0	1	0	0	33.5622	12.1033	0.3606	1	6
Ppp4r1	True	1	1	0	0	1	0	0	54.3908	21.3072	0.3917	1	6
Ppp4r3b	True	1	1	0	0	0	1	0	229.0834	0.2474	0.0011	0	6
Prdx1	True	6	6	0	0	4	2	0	592.5313	753.8988	7.6340	4	6
Prdx3	True	1	1	0	0	1	0	0	531.5487	42.1777	0.0793	1	6
Prdx5	True	1	1	0	0	1	0	0	1259.7961	499.5988	0.3966	1	6
Prelid1	True	3	3	0	0	3	0	0	722.0245	142.6259	0.5926	3	6
Prelid3b	True	1	1	0	0	1	0	0	126.4309	129.1809	1.0218	1	6
Prim1	True	1	1	1	0	0	0	0	5.7559	77.6442	13.4896	0	6
Prkci	True	1	1	0	0	0	1	0	38.6487	0.4273	0.0111	1	6
Prkrip1	True	2	2	2	0	0	0	0	13.1217	166.8764	25.4352	0	6
Prnp	True	1	1	0	0	1	0	0	544.3510	52.7451	0.0969	1	6
Prps1	True	4	4	4	0	0	0	0	1.3326	140.3537	421.2923	0	4
Prss40	True	1	1	0	0	0	1	0	2.2993	0.9988	0.4344	0	4
Prss44	True	2	2	0	0	0	2	0	0.0578	0.1839	6.3577	0	3
Prss58	True	1	1	0	0	0	1	0	0.6012	0.3518	0.5851	0	6
Psma2	True	4	3	3	0	0	0	1	86.2983	209.7515	9.7222	0	6
Psma3	True	1	1	1	0	0	0	0	65.8980	43.4751	0.6597	0	6
Psma5	True	1	1	1	0	0	0	0	67.4835	612.5328	9.0768	0	6
Psmb2	True	1	1	1	0	0	0	0	23.0084	1997.9323	86.8348	0	6
Psmb3	True	1	1	1	0	0	0	0	85.3752	1526.4162	17.8789	0	6
Psmc1	True	4	4	4	0	0	0	0	125.0343	120.7204	3.8620	0	6
Psmc3	True	1	1	0	0	1	0	0	834.2598	1745.5047	2.0923	1	6
Psmc5	True	1	0	0	0	0	0	1	838.9032	0.0000	0.0000	0	6
Psmd1	True	4	3	2	0	0	1	1	47.0119	18.5647	1.5796	0	6
Psmd12	True	2	2	0	0	2	0	0	83.9245	114.9747	2.7400	2	6
Psmd14	True	1	1	1	0	0	0	0	24.5525	1200.7530	48.9055	0	6
Psmd3	True	1	1	1	0	0	0	0	186.5603	571.8713	3.0653	0	6
Pspc1	True	1	1	0	0	1	0	0	68.4838	40.1756	0.5866	1	6
Pten	True	1	1	1	0	0	0	0	83.7217	1909.4345	22.8069	0	6
Ptgr2	True	1	1	1	0	0	0	0	59.4983	960.0123	16.1351	0	6
Ptms	True	1	1	0	0	1	0	0	2955.7844	2060.9734	0.6973	1	6
Ptp4a2	True	1	1	1	0	0	0	0	46.0780	88.3842	1.9181	0	6
Pudp	True	2	2	0	2	0	0	0	0.0000	16.0758	inf	0	0
Pum3	True	1	1	0	0	1	0	0	39.9177	84.8643	2.1260	1	6
Pwwp3b	True	1	1	0	0	1	0	0	19.8180	3.0560	0.1542	1	5
Pycr1	True	1	1	0	0	1	0	0	81.1739	11.0014	0.1355	1	6
Pygo1	True	6	6	2	0	2	2	0	173.9176	3.6436	0.1257	2	6
Pyurf	True	3	3	1	0	1	1	0	159.9718	56.6177	1.0618	1	6
Rab13	True	2	2	2	0	0	0	0	11.2870	340.1531	60.2736	0	6
Rab14	True	1	1	1	0	0	0	0	245.1088	411.5017	1.6789	0	6
Rab18	True	1	1	1	0	0	0	0	82.9273	926.8232	11.1763	0	6
Rab1a	True	1	1	1	0	0	0	0	119.6198	1949.2273	16.2952	0	6
Rab2a	True	2	2	1	0	1	0	0	21.9180	15.3008	1.3962	1	6
Rab5a	True	1	1	1	0	0	0	0	47.8876	138.3988	2.8901	0	6
Rab5if	True	1	1	1	0	0	0	0	15.2851	82.6871	5.4096	0	6
Rad23b	True	1	1	0	0	1	0	0	142.3684	231.3221	1.6248	1	6
Rad51	True	2	1	1	0	0	0	1	5.9010	1.9207	0.6510	0	6
Ralgds	True	5	5	1	0	0	4	0	52.1399	0.6886	0.0660	0	6
Ran	True	1	1	0	0	1	0	0	591.3164	274.9485	0.4650	1	6
Ranbp1	True	2	2	0	0	1	1	0	184.8464	238.0679	2.5758	1	6
Ranbp10	True	1	1	0	0	1	0	0	14.0091	99.8218	7.1255	1	6
Rap1b	True	3	3	0	0	3	0	0	55.4626	190.0792	10.2815	3	6
Rbm22	True	1	1	0	0	1	0	0	33.8752	106.4983	3.1438	1	6
Rbm3	True	1	1	0	0	1	0	0	304.3159	233.2308	0.7664	1	6
Rbm39	True	1	1	0	0	1	0	0	234.6045	1892.5779	8.0671	1	6
Rbm4	True	1	1	1	0	0	0	0	3.4492	193.4534	56.0864	0	3
Rbm5	True	1	1	0	0	1	0	0	33.6812	843.7343	25.0506	1	6
Rbmx	True	1	1	1	0	0	0	0	179.0739	388.6669	2.1704	0	6
Rdh16	True	1	1	0	0	1	0	0	9.8915	1808.6132	182.8455	1	6
Rflnb	True	2	2	0	0	1	1	0	149.1419	32.2780	0.4328	1	6
Rgs9bp	True	1	1	0	0	0	1	0	14.1244	34.1126	2.4152	0	6
Rhoa	True	2	2	1	0	1	0	0	128.4437	57.5318	0.8958	1	6
Rhox13	True	1	0	0	0	0	0	1	0.0576	0.0000	0.0000	0	2
Rida	True	2	2	0	0	2	0	0	1052.7593	349.1693	0.6633	2	6
Ripply3	True	1	1	0	0	0	1	0	6.8900	2.1533	0.3125	0	6
Rnase1	True	2	2	1	0	0	1	0	159.4521	12.5937	0.1580	0	5
Rnase6	True	5	5	2	0	0	3	0	0.0792	15.6878	990.3331	0	1
Rnf138	True	1	1	0	0	0	1	0	41.2814	1.5634	0.0379	0	6
Rnf185	True	1	1	1	0	0	0	0	23.4490	58.1845	2.4813	0	6
Rnf5	True	1	1	0	0	1	0	0	194.9600	636.7405	3.2660	1	6
Rnf7	True	1	1	0	0	1	0	0	197.9668	141.3316	0.7139	1	6
Rnft1	True	1	1	1	0	0	0	0	138.3287	247.0647	1.7861	0	6
Rp9	True	1	1	1	0	0	0	0	72.3436	26.9808	0.3730	0	6
Rpa2	True	1	1	0	0	1	0	0	23.1500	228.2638	9.8602	1	6
Rpa3	True	1	1	1	0	0	0	0	197.2414	24.1621	0.1225	0	6
Rpf2	True	1	0	0	0	0	0	1	13.6950	0.0000	0.0000	0	6
Rpl10	True	6	6	2	0	1	3	0	3673.5504	950.9573	1.5532	1	6
Rpl10a	True	14	11	2	0	6	3	3	2822.6229	59.6863	0.2960	6	6
Rpl11	True	1	1	1	0	0	0	0	306.3061	2.2597	0.0074	0	6
Rpl13	True	16	16	3	0	9	4	0	546.3828	25.3932	0.7436	9	6
Rpl13a	True	6	6	0	0	5	1	0	1825.5504	2056.1976	6.7581	5	6
Rpl18a	True	7	6	1	0	3	2	1	1203.1450	583.1861	3.3930	4	6
Rpl19	True	1	1	0	0	1	0	0	433.0881	3144.4266	7.2605	1	6
Rpl22	True	1	1	1	0	0	0	0	63.7055	130.6842	2.0514	0	6
Rpl22l1	True	1	1	1	0	0	0	0	151.4025	8.8864	0.0587	0	6
Rpl23a	True	9	8	6	0	0	2	1	7.3403	32.7051	40.0998	1	6
Rpl24	True	8	8	6	0	1	1	0	86.1984	192.1898	17.8370	1	6
Rpl26	True	3	3	2	0	1	0	0	145.6282	226.6306	4.6687	1	6
Rpl27	True	7	5	1	0	3	1	2	500.8662	1229.3022	17.1805	3	6
Rpl27a	True	27	27	17	0	4	6	0	476.5487	121.4298	6.8799	4	6
Rpl28	True	5	5	1	0	2	2	0	651.0551	671.7485	5.1589	2	6
Rpl3	True	2	2	0	0	2	0	0	1883.3272	2354.7523	2.5006	2	6
Rpl32	True	2	2	1	0	1	0	0	277.7754	582.2620	4.1923	1	6
Rpl34	True	1	1	0	0	1	0	0	531.7914	5659.9336	10.6431	1	6
Rpl35	True	21	21	10	0	5	6	0	138.4475	187.3119	28.4119	5	6
Rpl36	True	1	1	1	0	0	0	0	65.9698	11.3585	0.1722	0	6
Rpl36a	True	1	1	1	0	0	0	0	704.7845	132.3045	0.1877	0	6
Rpl37	True	2	2	2	0	0	0	0	199.2258	505.0669	5.0703	0	6
Rpl37a	True	13	12	10	0	0	2	1	79.3433	303.4228	49.7143	0	6
Rpl4	True	1	1	0	0	1	0	0	957.2879	1233.3696	1.2884	1	6
Rpl7	True	7	7	7	0	0	0	0	88.4002	154.5270	12.2363	0	6
Rpl7a	True	2	2	1	0	0	1	0	164.4908	59.7120	0.7260	0	6
Rpl7l1	True	5	4	3	0	0	1	1	25.5166	53.5622	10.4956	0	6
Rpl8	True	2	2	0	0	2	0	0	2886.7949	1992.9701	1.3807	2	6
Rpl9	True	3	3	2	0	1	0	0	6.9859	32.3877	13.9084	1	6
Rplp0	True	12	11	3	0	5	3	1	126.2921	190.3760	18.0891	5	6
Rplp1	True	8	8	0	0	6	2	0	206.1579	1010.7081	39.2207	6	6
Rps11	True	7	7	2	0	1	4	0	645.6841	2754.3509	29.8605	1	6
Rps13	True	10	9	8	0	1	0	1	29.8311	159.8175	53.5742	1	6
Rps14	True	10	10	3	0	7	0	0	420.8484	200.3022	4.7595	7	6
Rps15	True	1	1	1	0	0	0	0	2763.0717	2469.4662	0.8937	0	6
Rps15a	True	8	7	0	0	5	2	1	826.7865	1589.4243	15.3793	6	6
Rps16	True	6	6	0	0	6	0	0	292.6986	609.7235	12.4987	6	6
Rps17	True	8	8	7	0	0	1	0	146.9582	61.6739	3.3574	0	6
Rps18	True	7	7	5	0	2	0	0	211.2569	907.6637	30.0754	2	6
Rps2	True	4	4	3	0	1	0	0	95.5077	162.0190	6.7856	1	6
Rps20	True	1	1	0	0	0	1	0	8034.9156	0.1568	0.0000	0	6
Rps23	True	7	7	1	0	6	0	0	962.2855	1142.9169	8.3140	6	6
Rps25	True	15	13	8	0	1	4	2	0.8875	127.0579	2147.5173	1	5
Rps27	True	13	13	4	0	4	5	0	127.7316	81.8090	8.3262	4	6
Rps27a	True	2	0	0	0	0	0	2	235.8276	0.0000	0.0000	0	6
Rps27l	True	1	1	0	0	0	1	0	10.5093	0.3358	0.0320	0	6
Rps29	True	6	6	6	0	0	0	0	140.4584	593.9111	25.3703	0	6
Rps3	True	4	4	1	0	3	0	0	80.5526	619.9924	30.7870	3	6
Rps4	True	2	2	2	0	0	0	0	133.6865	2483.9029	37.1601	0	6
Rps6	True	4	4	0	0	4	0	0	1227.4605	1851.4076	6.0333	4	6
Rps7	True	8	8	4	0	4	0	0	148.1739	1508.8348	81.4629	4	6
Rps8	True	1	1	1	0	0	0	0	337.5160	22.5888	0.0669	0	6
Rps9	True	1	1	1	0	0	0	0	1521.1025	12.1746	0.0080	0	6
Rpsa	True	2	2	0	0	2	0	0	343.0298	72.1318	0.4206	2	6
Rrm2	True	1	1	0	0	1	0	0	3.2951	79.9583	24.2661	1	6
Rrp15	True	1	1	0	0	1	0	0	36.7394	590.1863	16.0641	1	6
Rrs1	True	1	1	1	0	0	0	0	85.8729	9.3860	0.1093	0	6
Rsbn1l	True	1	1	1	0	0	0	0	20.0617	92.7223	4.6219	0	6
Rsl24d1	True	1	1	0	0	1	0	0	40.0338	1173.6258	29.3159	1	6
Rtcb	True	1	1	0	0	1	0	0	252.8544	611.3873	2.4179	1	6
Rtl8c	True	1	1	0	0	1	0	0	450.6030	164.3833	0.3648	1	6
Rtraf	True	1	1	1	0	0	0	0	53.1466	1629.9682	30.6693	0	6
Ruvbl1	True	2	2	0	0	2	0	0	10.4908	116.5692	22.2232	2	6
Ruvbl2	True	1	1	0	0	1	0	0	16.5716	157.0782	9.4788	1	6
S100a10	True	3	1	1	0	0	0	2	106.8496	91.1745	2.5599	0	6
S100a11	True	4	4	0	0	3	1	0	57.5417	364.1833	25.3161	3	6
S100a15a	True	1	1	0	0	0	1	0	10.6603	11.0940	1.0407	1	1
S100a8	True	1	1	0	0	0	1	0	731.8121	43.0558	0.0588	0	6
Saa3	True	2	2	0	0	0	2	0	368.4648	96.5647	0.5241	2	6
Sap18	True	5	5	5	0	0	0	0	37.8913	110.6892	14.6061	0	6
Sar1a	True	1	1	1	0	0	0	0	72.8579	601.9395	8.2618	0	6
Sbds	True	3	3	3	0	0	0	0	202.5959	176.2000	2.6091	0	6
Scaf11	True	1	1	0	0	1	0	0	101.5389	256.3933	2.5251	1	6
Sco1	True	1	1	1	0	0	0	0	19.1350	109.0367	5.6983	0	6
Sdcbp	True	1	1	1	0	0	0	0	50.6613	95.2605	1.8803	0	6
Sdhd	True	3	3	0	0	3	0	0	517.2375	474.3173	2.7511	3	6
Sdr9c7	True	1	1	0	0	0	1	0	5.9106	6.9952	1.1835	1	6
Sec13	True	1	1	0	0	1	0	0	81.7287	1107.3877	13.5496	1	6
Sec22b	True	1	1	0	0	1	0	0	177.7917	290.3789	1.6333	1	6
Sec61b	True	1	0	0	0	0	0	1	167.8988	0.0000	0.0000	0	6
Sectm1	True	1	1	0	0	0	1	0	3.2632	5.3215	1.6308	0	6
Selenok	True	1	1	0	0	1	0	0	161.5243	130.5219	0.8081	1	6
Selenoo	True	1	1	1	0	0	0	0	156.2266	11.6041	0.0743	0	6
Selenot	True	1	1	0	0	1	0	0	56.1570	118.3901	2.1082	1	6
Sem1	True	3	3	2	0	1	0	0	102.0678	2147.8922	63.1313	1	6
Sephs1	True	1	1	1	0	0	0	0	48.7283	77.8927	1.5985	0	6
Serpina2	True	2	2	0	0	0	2	0	0.0000	0.0500	inf	0	0
Serpinb3	True	1	1	0	0	0	1	0	2.3531	0.4195	0.1783	1	2
Serpinb9	True	5	2	1	0	0	1	3	55.1389	1.0080	0.0914	0	6
Sertm1	True	1	1	0	0	0	1	0	34.8585	5.5308	0.1587	1	6
Sf3a2	True	1	1	1	0	0	0	0	61.5718	4.0082	0.0651	0	6
Sf3b4	True	4	4	1	0	3	0	0	22.5496	15.1629	2.6897	3	6
Sfn	True	1	1	0	0	1	0	0	253.1276	27.1639	0.1073	1	6
Sftpd	True	1	1	0	0	0	1	0	1063.7506	81.0433	0.0762	1	6
Sh3bgrl	True	4	4	3	0	1	0	0	7.3235	28.3208	15.4684	1	6
Shcbp1	True	1	1	0	0	1	0	0	1.8207	10.7792	5.9202	1	6
Shmt2	True	1	1	0	0	1	0	0	815.4286	893.7702	1.0961	1	6
Siglec10	True	1	1	1	0	0	0	0	8.1684	4.5593	0.5582	0	6
Siglec5	True	1	1	1	0	0	0	0	19.7280	46.5327	2.3587	0	6
Sirpa	True	1	1	0	0	0	1	0	132.6889	1.8813	0.0142	0	6
Siva1	True	2	2	2	0	0	0	0	111.9886	83.2882	1.4874	0	6
Ska2	True	13	12	3	0	0	9	1	9.2864	14.1536	19.8135	1	6
Skp1	True	4	4	3	0	0	1	0	43.7713	49.5156	4.5249	0	6
Slamf8	True	2	2	2	0	0	0	0	3.8593	555.4903	287.8709	0	6
Slc22a13	True	3	3	1	0	0	2	0	55.2820	58.5993	3.1800	0	5
Slc23a2	True	1	1	1	0	0	0	0	29.8922	34.6605	1.1595	0	6
Slc25a24	True	2	2	2	0	0	0	0	5.7215	70.6401	24.6929	0	6
Slc25a44	True	1	1	0	0	1	0	0	115.1027	45.5521	0.3958	1	6
Slc25a5	True	5	5	0	0	5	0	0	347.3684	113.1692	1.6290	5	6
Slc25a51	True	2	2	0	0	2	0	0	258.2535	138.6896	1.0741	2	6
Slc35a4	True	2	2	0	0	2	0	0	237.0097	76.9534	0.6494	2	6
Slc39a2	True	1	1	0	0	0	1	0	17.9690	5.0803	0.2827	0	6
Slc5a1	True	1	1	0	0	0	1	0	5.3814	0.2913	0.0541	0	6
Slc5a4	True	1	1	0	0	0	1	0	0.0412	0.0776	1.8845	0	6
Slc6a16	True	1	1	1	0	0	0	0	0.7018	1.6169	2.3039	0	6
Slc7a12	True	1	1	1	0	0	0	0	11.8817	35.0303	2.9483	0	6
Slc7a9	True	1	1	1	0	0	0	0	10.8209	52.2122	4.8251	0	5
Slfn13	True	2	2	2	0	0	0	0	0.1665	5.6750	68.1857	0	5
Slirp	True	1	1	0	0	1	0	0	90.5805	198.5648	2.1921	1	6
Smim10l1	True	1	1	0	0	1	0	0	1093.1792	52.5895	0.0481	1	6
Smim15	True	4	4	2	0	1	1	0	21.4949	16.6105	3.0911	1	6
Sms	True	1	1	1	0	0	0	0	10.9635	290.9211	26.5354	0	6
Smu1	True	1	1	1	0	0	0	0	50.1821	362.6529	7.2267	0	6
Snap23	True	2	2	1	0	1	0	0	66.9665	341.5311	10.2001	1	6
Snrnp27	True	2	2	2	0	0	0	0	7.6559	191.5785	50.0474	0	6
Snrpa	True	1	1	1	0	0	0	0	47.5174	4.1493	0.0873	0	6
Snrpb2	True	1	1	0	0	0	1	0	85.3709	0.4265	0.0050	0	6
Snrpc	True	2	2	1	0	1	0	0	23.1647	21.9513	1.8952	1	6
Snrpd1	True	7	7	2	0	5	0	0	19.9465	33.2866	11.6816	5	6
Snrpd2	True	3	2	1	0	1	0	1	119.5238	150.1516	3.7687	1	6
Snrpd3	True	3	3	3	0	0	0	0	21.0059	609.6566	87.0693	0	6
Snrpe	True	9	9	7	0	1	1	0	92.7380	83.3423	8.0882	1	6
Snrpg	True	8	7	6	0	0	1	1	57.0453	182.0198	25.5263	0	6
Snrpn	True	1	1	0	0	1	0	0	70.5036	90.0974	1.2779	1	6
Snurf	True	2	2	0	0	2	0	0	61.1270	186.7785	6.1112	2	6
Snw1	True	7	7	5	0	2	0	0	13.2845	162.0115	85.3685	2	6
Snx17	True	1	1	0	0	1	0	0	382.5815	41.1478	0.1076	1	6
Snx3	True	4	4	3	0	1	0	0	112.6130	277.8313	9.8685	1	6
Sod1	True	6	5	0	0	4	1	1	1498.3510	1102.3445	4.4142	4	6
Sod2	True	4	4	0	0	4	0	0	55.7936	222.5776	15.9572	4	6
Sp100	True	2	2	1	0	1	0	0	54.2836	150.7791	5.5552	1	6
Spag6	True	1	1	1	0	0	0	0	1.8801	14.2258	7.5665	0	6
Spart	True	1	1	0	0	1	0	0	160.8922	315.4894	1.9609	1	6
Spata31d1	True	1	1	0	0	0	1	0	2.8378	0.8322	0.2932	0	6
Spdl1	True	1	1	0	0	1	0	0	4.3843	4.6640	1.0638	1	6
Spef1	True	1	1	0	0	1	0	0	85.8798	10.8367	0.1262	1	6
Sppl2b	True	1	1	0	0	1	0	0	103.2853	17.5383	0.1698	1	6
Spta1	True	2	2	0	0	0	2	0	2.7515	0.4732	0.3439	0	6
Srm	True	1	1	1	0	0	0	0	145.0477	15.4924	0.1068	0	6
Srp14	True	9	9	2	0	2	5	0	262.4440	363.6733	12.4715	2	6
Srp19	True	1	1	1	0	0	0	0	35.2225	50.5979	1.4365	0	6
Srp9	True	1	1	0	0	1	0	0	468.1255	351.6905	0.7513	1	6
Srpk1	True	1	1	0	0	1	0	0	100.5408	212.0054	2.1086	1	6
Srpra	True	1	1	0	0	1	0	0	655.9633	434.3360	0.6621	1	6
Srrm1	True	1	1	0	0	1	0	0	21.6469	4.3200	0.1996	1	6
Srsf6	True	1	1	0	0	1	0	0	1440.3089	352.9571	0.2451	1	6
Ssmem1	True	1	1	0	0	0	1	0	0.0731	0.0393	0.5377	0	4
Ssrp1	True	1	1	0	0	1	0	0	104.7557	106.9486	1.0209	1	6
Ssu72	True	1	1	0	0	1	0	0	172.8237	39.2501	0.2271	1	6
Stip1	True	4	4	0	0	4	0	0	150.9484	178.7397	4.7364	4	6
Stk35	True	1	1	0	0	0	1	0	21.9797	0.3951	0.0180	1	6
Stk38l	True	1	1	1	0	0	0	0	22.5673	21.7097	0.9620	0	6
Stmn1	True	6	6	0	0	2	4	0	28.3919	87.5217	18.4958	5	6
Stmp1	True	2	2	0	0	2	0	0	649.1597	386.3967	1.1905	2	6
Stub1	True	1	1	1	0	0	0	0	1417.3181	1638.3308	1.1559	0	6
Stx12	True	1	1	0	0	1	0	0	54.2946	784.0074	14.4399	1	6
Styx	True	1	0	0	0	0	0	1	13.2079	0.0000	0.0000	0	6
Sub1	True	1	1	1	0	0	0	0	33.0275	25.0451	0.7583	0	6
Sugt1	True	1	1	1	0	0	0	0	30.8793	276.8157	8.9644	0	6
Sult1a1	True	1	1	1	0	0	0	0	74.2739	221.3765	2.9805	0	6
Sult6b1	True	1	1	0	0	0	1	0	0.0000	5.1240	inf	0	0
Sumo1	True	2	2	1	0	1	0	0	38.0291	265.2948	13.9522	1	6
Sumo2	True	2	2	1	0	1	0	0	15.9932	182.9172	22.8744	1	6
Surf6	True	1	1	0	0	1	0	0	91.4713	34.1171	0.3730	1	6
Syap1	True	2	2	1	0	1	0	0	62.0286	399.1245	12.8690	1	6
Syf2	True	1	1	1	0	0	0	0	72.7781	441.8520	6.0712	0	6
Taar4	True	1	1	0	0	0	1	0	0.0621	0.2036	3.2787	0	2
Taar7a	True	3	1	0	0	0	1	2	0.0000	0.1588	inf	0	0
Taf13	True	3	3	1	0	2	0	0	41.3669	139.3548	10.1063	2	6
Taf1a	True	1	1	0	0	1	0	0	21.4804	93.9100	4.3719	1	6
Taf7l	True	1	1	1	0	0	0	0	0.2725	1.1727	4.3034	0	6
Taldo1	True	1	1	0	0	1	0	0	623.4483	1768.7454	2.8370	1	6
Tank	True	2	2	2	0	0	0	0	18.8494	63.8554	6.7753	0	6
Tas2r143	True	1	1	0	0	0	1	0	1.4031	2.7727	1.9761	1	2
Tas2r39	True	1	1	0	0	0	1	0	0.0428	0.2160	5.0412	1	1
Tbca	True	2	2	2	0	0	0	0	27.2682	394.9851	28.9704	0	6
Tbcc	True	1	1	0	0	1	0	0	56.5986	68.3439	1.2075	1	6
Tbpl1	True	1	1	1	0	0	0	0	38.0935	140.8099	3.6964	0	6
Tcaf2	True	1	1	0	0	1	0	0	0.5758	23.9083	41.5194	1	6
Tcea3	True	1	1	1	0	0	0	0	19.6179	437.0569	22.2785	0	6
Tceal5	True	2	2	0	0	1	1	0	386.3045	73.2661	0.3793	2	6
Tcp1	True	1	1	1	0	0	0	0	100.0836	210.5797	2.1040	0	6
Tdrkh	True	2	2	0	0	2	0	0	49.4369	52.3309	2.1171	2	6
Teddm1	True	2	2	0	0	0	2	0	1.7086	3.3607	3.9337	1	4
Tep1	True	2	2	0	0	2	0	0	23.8247	4.0797	0.3425	2	6
Terf1	True	1	1	0	0	1	0	0	8.0497	44.2897	5.5020	1	6
Terf2	True	1	1	0	0	1	0	0	39.4649	105.0078	2.6608	1	6
Tex47	True	1	1	0	0	0	1	0	2.2509	1.8864	0.8381	0	6
Tfam	True	1	1	1	0	0	0	0	36.5331	277.7000	7.6013	0	6
Tfdp1	True	1	1	0	0	1	0	0	41.2741	24.9798	0.6052	1	6
Tfe3	True	1	1	0	0	1	0	0	38.9962	92.9364	2.3832	1	6
Tgas113e22.1	True	1	1	0	0	1	0	0	10.4442	451.5697	43.2366	1	6
Tgif2lx	True	1	1	0	0	0	1	0	0.1368	0.0438	0.3200	0	1
Thap1	True	1	1	0	0	1	0	0	23.7343	61.4993	2.5912	1	6
Them5	True	1	1	0	0	0	1	0	0.9947	0.2172	0.2183	0	5
Timm17a	True	1	1	0	0	1	0	0	75.7362	552.7098	7.2978	1	6
Timm23	True	1	1	0	0	1	0	0	318.7550	120.9311	0.3794	1	6
Tle6	True	1	1	0	0	0	1	0	9.2072	0.6059	0.0658	0	6
Tma7	True	1	1	1	0	0	0	0	1261.8675	129.9370	0.1030	0	6
Tmem11	True	2	2	1	0	1	0	0	40.1428	4.8227	0.2403	1	6
Tmem126a	True	1	1	1	0	0	0	0	142.2884	120.2726	0.8453	0	6
Tmem14c	True	1	0	0	0	0	0	1	136.8904	0.0000	0.0000	0	6
Tmem17	True	1	1	0	0	1	0	0	83.6796	251.8880	3.0101	1	6
Tmem184c	True	1	1	0	0	0	1	0	223.1898	0.4390	0.0020	0	6
Tmem198	True	1	1	1	0	0	0	0	55.4797	95.4554	1.7205	0	6
Tmem203	True	2	2	0	0	1	1	0	442.8182	55.3432	0.2500	1	6
Tmem209	True	1	1	0	0	1	0	0	27.8172	89.4548	3.2158	1	6
Tmem238	True	1	1	1	0	0	0	0	65.6779	69.7985	1.0627	0	6
Tmem242	True	1	1	1	0	0	0	0	51.1134	106.4722	2.0831	0	6
Tmem263	True	1	1	0	0	1	0	0	498.0268	171.3971	0.3442	1	6
Tmem30a	True	2	2	2	0	0	0	0	0.0473	171.5291	7260.3048	0	1
Tmem38b	True	1	1	0	0	1	0	0	40.7684	25.7085	0.6306	1	6
Tmem45a	True	1	1	0	0	0	1	0	13.0657	0.5468	0.0419	1	6
Tmem9b	True	2	2	2	0	0	0	0	110.7000	189.4524	3.4228	0	6
Tmsb10	True	2	2	0	0	1	1	0	117.0101	3.1987	0.0547	1	6
Tnfaip8	True	1	1	0	0	1	0	0	17.9574	151.0529	8.4117	1	6
Tnni2	True	1	1	0	0	1	0	0	2690.4369	61.3409	0.0228	1	6
Tnxb	True	1	1	0	0	1	0	0	190.3861	31.2901	0.1644	1	6
Tomm20	True	3	3	0	0	2	1	0	140.4776	317.0621	6.7711	2	6
Tomm22	True	1	1	0	0	1	0	0	661.8432	588.3711	0.8890	1	6
Tomm5	True	1	1	1	0	0	0	0	40.8434	221.2841	5.4179	0	6
Tomm6	True	1	1	0	0	0	1	0	1376.4257	1.1451	0.0008	0	6
Tomm7	True	2	2	1	0	1	0	0	850.3620	1231.4450	2.8963	1	6
Topors	True	1	1	0	0	0	1	0	191.3115	0.1827	0.0010	0	6
Tox4	True	1	1	0	0	1	0	0	110.3384	367.6878	3.3324	1	6
Tpgs1	True	1	1	0	0	1	0	0	108.7871	57.7220	0.5306	1	6
Tpgs2	True	1	1	0	0	1	0	0	17.2642	192.5668	11.1541	1	6
Tpm4	True	1	1	0	0	1	0	0	974.2925	1988.8863	2.0414	1	6
Tpmt	True	1	1	0	0	1	0	0	7.9251	80.0705	10.1034	1	6
Tpt1	True	1	1	1	0	0	0	0	152.9019	53.1733	0.3478	0	6
Tpx2	True	2	2	0	0	1	1	0	7.2006	8.7568	2.4322	1	6
Trap1	True	1	1	0	0	1	0	0	112.2688	904.3379	8.0551	1	6
Trappc1	True	1	1	0	0	0	1	0	598.9584	0.4996	0.0008	0	6
Trappc2	True	2	2	2	0	0	0	0	20.2510	73.3931	7.2483	0	6
Trappc2l	True	1	1	0	0	0	1	0	420.4951	0.2548	0.0006	0	6
Trav12-3	True	6	5	0	0	0	5	1	2.6412	0.2772	0.6296	0	6
Trav13-1	True	7	7	0	0	0	7	0	0.5352	1.1187	14.6303	0	2
Trav18	True	9	5	0	0	0	5	4	0.2674	0.2212	7.4452	0	2
Trav9-1	True	2	2	0	0	0	2	0	5.0494	5.1170	2.0268	0	3
Trav9-2	True	4	4	0	0	0	4	0	1.6425	25.4179	61.8993	1	3
Trdmt1	True	1	1	0	0	1	0	0	24.5376	77.2036	3.1463	1	6
Trdv1	True	10	8	0	0	0	8	2	0.0000	1.0937	inf	0	0
Trgv4	True	1	1	0	0	0	1	0	17.8800	5.6000	0.3132	0	6
Trhr	True	1	1	0	0	0	1	0	0.5730	0.5726	0.9993	1	6
Triap1	True	3	3	0	0	3	0	0	31.2543	38.7311	3.7177	3	6
Trim28	True	1	1	0	0	1	0	0	346.2623	289.5975	0.8364	1	6
Trim38	True	7	7	2	0	4	1	0	66.6762	26.4369	2.7755	4	6
Trim44	True	1	1	0	0	1	0	0	28.0403	488.8520	17.4339	1	6
Trim5	True	3	2	0	0	2	0	1	144.4278	2.9593	0.0615	2	6
Trim60	True	1	1	0	0	0	1	0	2.3127	0.5496	0.2376	0	6
Trim8	True	1	1	0	0	1	0	0	244.9022	12.5288	0.0512	1	6
Try3	True	1	0	0	0	0	0	1	0.0849	0.0000	0.0000	0	5
Tsc22d1	True	1	1	1	0	0	0	0	53.5637	1435.6452	26.8026	0	6
Tsen15	True	1	1	0	0	1	0	0	36.9321	211.8807	5.7370	1	6
Tsg101	True	1	1	1	0	0	0	0	802.5409	45.9046	0.0572	0	6
Tsn	True	1	1	1	0	0	0	0	48.7497	396.9302	8.1422	0	6
Tsnax	True	1	1	0	0	1	0	0	95.2751	865.6360	9.0856	1	6
Tspan11	True	1	0	0	0	0	0	1	18.0912	0.0000	0.0000	0	6
Tspan13	True	1	1	0	0	1	0	0	92.3852	208.3221	2.2549	1	6
Tspan3	True	1	1	0	0	1	0	0	377.3006	1956.8551	5.1865	1	6
Tspyl1	True	1	1	0	0	1	0	0	1378.8880	51.2277	0.0372	1	6
Tspyl5	True	1	0	0	0	0	0	1	0.1655	0.0000	0.0000	0	2
Tsr1	True	1	1	0	0	1	0	0	110.0618	154.2355	1.4014	1	6
Tssk1b	True	1	1	0	0	0	1	0	2.4846	0.1696	0.0683	0	4
Tssk4	True	1	1	0	0	1	0	0	168.0958	30.8595	0.1836	1	6
Tstd3	True	3	3	3	0	0	0	0	30.0972	70.4394	7.0212	0	6
Ttc1	True	3	3	3	0	0	0	0	37.6478	171.1608	13.6391	0	6
Ttc39b	True	1	1	1	0	0	0	0	79.1757	1.9777	0.0250	0	6
Tuba1a	True	2	2	0	0	2	0	0	1639.5341	126.3420	0.1541	2	6
Tuba1b	True	1	1	0	0	1	0	0	314.2218	2043.2411	6.5025	1	6
Tuba1c	True	1	1	1	0	0	0	0	0.0343	250.5864	7297.5835	0	1
Tuba3a	True	6	6	2	0	1	3	0	6.1672	10.6181	10.3303	2	6
Tubb4b	True	3	3	1	0	2	0	0	966.5227	232.2611	0.7209	2	6
Tusc2	True	2	2	0	0	2	0	0	63.7448	70.7321	2.2192	2	6
Txndc12	True	1	1	0	0	1	0	0	100.0986	33.4319	0.3340	1	6
Ube2c	True	1	1	0	0	1	0	0	18.5779	75.5294	4.0656	1	6
Ube2d2	True	4	1	0	0	0	1	3	36.1199	0.0391	0.0043	0	6
Ube2e1	True	1	1	0	0	1	0	0	19.7170	10.9082	0.5532	1	6
Ube2g1	True	1	1	1	0	0	0	0	11.6160	134.1651	11.5500	0	6
Ube2l3	True	2	2	2	0	0	0	0	32.7537	6.3890	0.3901	0	6
Ube2n	True	2	2	1	0	1	0	0	5.4820	20.2609	7.3918	1	6
Ube2r2	True	1	1	1	0	0	0	0	45.7494	279.3721	6.1066	0	6
Ube2v2	True	1	1	1	0	0	0	0	13.0469	64.4253	4.9380	0	6
Ublcp1	True	1	1	1	0	0	0	0	103.1177	17.3439	0.1682	0	6
Ubqln1	True	2	1	0	0	0	1	1	165.7611	0.7425	0.0090	0	6
Ubtfl1	True	1	0	0	0	0	0	1	0.2168	0.0000	0.0000	0	4
Ubxn4	True	1	1	0	0	1	0	0	45.2609	779.5686	17.2239	1	6
Uck1	True	1	1	1	0	0	0	0	772.9633	14.8676	0.0192	0	6
Ufm1	True	2	2	2	0	0	0	0	74.9742	153.8519	4.1041	0	6
Ugp2	True	2	2	0	0	2	0	0	75.3903	567.1880	15.0467	2	6
Ugt1a2	True	1	0	0	0	0	0	1	2634.3387	0.0000	0.0000	0	6
Ugt2a3	True	2	2	1	0	0	1	0	23.6368	33.1910	2.8084	0	6
Ugt2b17	True	2	1	0	0	0	1	1	3067.0892	35.7937	0.0233	1	6
Ugt2b31	True	1	1	0	0	0	1	0	125.2390	25.9000	0.2068	1	6
Uqcc3	True	1	1	0	0	0	1	0	1262.8152	0.5367	0.0004	0	6
Uqcr11	True	1	1	0	0	0	1	0	1003.4824	0.2195	0.0002	0	6
Uqcrb	True	11	11	0	10	0	1	0	0.0000	350.0634	inf	0	0
Uqcrfs1	True	1	1	0	0	1	0	0	3049.0619	911.1656	0.2988	1	6
Uspl1	True	1	1	0	0	1	0	0	48.0245	34.2571	0.7133	1	6
Utp14a	True	1	1	0	0	0	1	0	67.0222	2.4313	0.0363	0	6
Utp18	True	2	2	0	0	2	0	0	28.0212	141.7774	10.1193	2	6
Utp23	True	4	4	1	0	3	0	0	22.9681	232.7586	40.5359	3	6
Vamp3	True	2	2	0	0	2	0	0	121.8077	154.6714	2.5396	2	6
Vamp7	True	1	1	1	0	0	0	0	19.3090	0.5233	0.0271	0	6
Vapb	True	1	1	1	0	0	0	0	60.7619	146.5618	2.4121	0	6
Vash2	True	1	1	0	0	1	0	0	4.4051	3.8209	0.8674	1	6
Vcl	True	1	1	1	0	0	0	0	36.8958	1.3128	0.0356	0	6
Vdac2	True	2	2	0	0	2	0	0	192.6405	1140.8948	11.8448	2	6
Vegp1	True	1	1	0	0	0	1	0	0.3609	0.1079	0.2990	0	4
Vmn2r116	True	9	6	2	0	0	4	3	0.0303	0.8375	248.7282	0	6
Vn1r1	True	3	2	0	0	0	2	1	0.0000	0.0470	inf	0	0
Vn1r4	True	5	1	0	0	0	1	4	0.0000	0.0369	inf	0	0
Vps28	True	1	1	0	0	1	0	0	269.2237	2108.3404	7.8312	1	6
Vps29	True	1	1	1	0	0	0	0	155.6585	64.6036	0.4150	0	6
Vps37a	True	1	1	1	0	0	0	0	21.5074	215.2984	10.0104	0	6
Vps37b	True	1	1	0	0	1	0	0	7.6542	73.9119	9.6564	1	6
Vps45	True	1	1	0	0	1	0	0	12.7765	37.0894	2.9030	1	6
Vps72	True	1	1	1	0	0	0	0	39.8151	124.7252	3.1326	0	6
Vtcn1	True	1	1	1	0	0	0	0	4.4861	2.5461	0.5676	0	6
Wbp11	True	1	1	0	0	1	0	0	34.0783	69.2673	2.0326	1	6
Wbp4	True	1	1	1	0	0	0	0	37.8915	362.7246	9.5727	0	6
Wdhd1	True	1	1	0	0	1	0	0	3.6482	16.3346	4.4774	1	6
Wdr87	True	1	1	0	0	0	1	0	0.2323	0.1529	0.6581	0	5
Wtap	True	1	1	1	0	0	0	0	66.6997	127.9304	1.9180	0	6
Xrcc4	True	1	1	1	0	0	0	0	2.6496	51.4443	19.4156	0	6
Yeats4	True	1	1	1	0	0	0	0	9.0906	326.4824	35.9144	0	6
Yipf5	True	1	1	0	0	1	0	0	118.0281	124.8851	1.0581	1	6
Ythdf1	True	1	0	0	0	0	0	1	98.7022	0.0000	0.0000	0	6
Ywhah	True	3	3	0	0	2	1	0	478.1211	681.6111	4.2768	2	6
Ywhaq	True	1	1	0	0	1	0	0	89.2556	481.3519	5.3930	1	6
Zbtb44	True	1	1	1	0	0	0	0	44.7723	2.2426	0.0501	0	6
Zc3h11a	True	1	1	0	0	0	1	0	230.1163	0.1452	0.0006	0	6
Zcchc8	True	1	1	0	0	1	0	0	170.0395	53.4547	0.3144	1	6
Zcrb1	True	1	1	1	0	0	0	0	16.1814	58.0813	3.5894	0	6
Zfp36l2	True	1	1	1	0	0	0	0	5.1816	307.7391	59.3911	0	3
Zkscan4	True	1	1	0	0	1	0	0	60.9117	65.2031	1.0705	1	6
Znf14	True	1	1	0	0	1	0	0	26.8064	76.1158	2.8395	1	6
Znf2	True	1	0	0	0	0	0	1	25.5480	0.0000	0.0000	0	6
Znf410	True	1	1	0	0	1	0	0	72.7174	173.1746	2.3815	1	6
Znf426	True	2	2	1	0	1	0	0	191.3478	20.8827	0.2183	1	6
Znf655	True	1	1	0	0	1	0	0	135.2693	74.0006	0.5471	1	6
Znf691	True	1	1	0	0	1	0	0	48.2653	15.3375	0.3178	1	6
Znf699	True	1	1	0	0	1	0	0	0.6682	2.1524	3.2213	1	6
Znf709	True	13	13	13	0	0	0	0	118.5106	50.9280	5.5865	0	6
Znf717	True	2	2	1	0	1	0	0	73.6796	84.2498	2.2869	1	6
Znf724	True	2	2	1	0	1	0	0	98.6291	84.3641	1.7107	1	6
Znf792	True	2	1	1	0	0	0	1	54.6174	27.0540	0.9907	0	6
Znf805	True	2	2	1	0	1	0	0	48.9370	71.9953	2.9424	1	6
Zscan2	True	1	1	1	0	0	0	0	12.6031	172.9605	13.7237	0	6
Zscan4	True	1	0	0	0	0	0	1	0.0468	0.0000	0.0000	0	1
Zxdb	True	1	1	0	0	1	0	0	4.6856	20.2706	4.3262	1	6
